nr,archived_at,player_id,player,position,team,market_value,season_points,matchday_points,avg_matchday_points,matchday_points_per_mio,season_seconds,matchday_seconds,prob,status,acquired,purchase_price,final
1,2026-09-02T08:49:13+02:00,3102,Rothe,ABW,Union Berlin,10185766,78,78,78.0,7.7,5905,5905,1,fit,zugelost_oder_uebernommen,,
1,2026-09-02T08:49:13+02:00,1580,Schwäbe,TW,Köln,15508005,176,176,176.0,11.3,5753,5753,1,fit,zugelost_oder_uebernommen,,
1,2026-09-02T08:49:13+02:00,4199,García,MF,Leverkusen,39229816,98,98,,2.5,5771,5771,1,fit,zugelost_oder_uebernommen,,
1,2026-09-02T08:49:13+02:00,2522,Raum,ABW,Leipzig,34711284,149,149,,4.3,5907,5907,1,fit,zugelost_oder_uebernommen,,
1,2026-09-02T08:49:13+02:00,608,Füllkrug,ST,Bremen,12898160,-46,-46,,-3.6,4185,4185,1,fit,zugelost_oder_uebernommen,,
1,2026-09-02T08:49:13+02:00,2560,Sander,MF,M'gladbach,12378696,12,12,12.0,1.0,5845,5845,1,fit,zugelost_oder_uebernommen,,
1,2026-09-02T08:49:13+02:00,3470,Caci,ABW,Mainz,11884378,124,124,,10.4,4649,4649,1,fit,zugelost_oder_uebernommen,,
1,2026-09-02T08:49:13+02:00,3183,Kade,ST,Augsburg,13644123,273,273,,20.0,5649,5649,1,fit,zugelost_oder_uebernommen,,
1,2026-09-02T08:49:13+02:00,4596,Gruda,MF,Leipzig,21422819,128,128,,6.0,4446,4446,1,fit,zugelost_oder_uebernommen,,
1,2026-09-02T08:49:13+02:00,10106,Ljubicic,ST,Union Berlin,5351590,23,23,23.0,4.3,5499,5499,3,fit,zugelost_oder_uebernommen,,
1,2026-09-02T08:49:13+02:00,11958,Castro-Montes,MF,Köln,9738863,63,63,63.0,6.5,5661,5661,1,fit,zugelost_oder_uebernommen,,
1,2026-09-02T08:49:13+02:00,2302,Jeong,MF,Union Berlin,4785021,61,61,61.0,12.7,1938,1938,3,fit,zugelost_oder_uebernommen,,
2,2026-09-07T23:27:17+02:00,4199,García,MF,Leverkusen,38752933,329,231,,6.0,11543,5772,1,fit,zugelost_oder_uebernommen,,
2,2026-09-07T23:27:17+02:00,2522,Raum,ABW,Leipzig,34847486,255,106,,3.0,11814,5907,1,fit,zugelost_oder_uebernommen,,
2,2026-09-07T23:27:17+02:00,608,Füllkrug,ST,Bremen,12709523,91,137,,10.8,8371,4186,1,fit,zugelost_oder_uebernommen,,
2,2026-09-07T23:27:17+02:00,3470,Caci,ABW,Mainz,12542263,216,92,,7.3,9298,4649,1,fit,zugelost_oder_uebernommen,,
2,2026-09-07T23:27:17+02:00,3183,Kade,ST,Augsburg,14219832,273,0,,0.0,5649,0,3,angeschlagen,zugelost_oder_uebernommen,,
2,2026-09-07T23:27:17+02:00,4596,Gruda,MF,Leipzig,21719677,128,0,,0.0,4446,0,3,angeschlagen,zugelost_oder_uebernommen,,
2,2026-09-07T23:27:17+02:00,3019,Atubolu,TW,Frankfurt,13042735,166,36,83.0,2.8,11823,5912,1,fit,zugelost_oder_uebernommen,,
2,2026-09-07T23:27:17+02:00,17288,Regeer,MF,Bremen,6239298,130,130,65.0,20.8,5157,5157,2,fit,zugelost_oder_uebernommen,,
2,2026-09-07T23:27:17+02:00,2232,Mwene,ABW,Mainz,10907942,373,302,186.5,27.7,11355,5678,1,fit,zugelost_oder_uebernommen,,
2,2026-09-07T23:27:17+02:00,2141,Baku,ABW,Leipzig,20252336,471,238,235.5,11.8,10421,5211,2,fit,zugelost_oder_uebernommen,,
2,2026-09-07T23:27:17+02:00,8292,Castañeda,MF,Paderborn,9406105,171,70,85.5,7.4,11454,5727,1,fit,zugelost_oder_uebernommen,,
2,2026-09-07T23:27:17+02:00,6209,Treu,ABW,Freiburg,10041813,172,141,86.0,14.0,7208,3604,2,fit,zugelost_oder_uebernommen,,
2,2026-09-07T23:27:17+02:00,78,Hofmann,MF,Leverkusen,3701596,43,0,21.5,0.0,1881,0,5,fit,,,
1,2026-09-02T08:49:13+02:00,10004,Ebnoutalib,ST,Frankfurt,14901023,304,304,304.0,20.4,5605,5605,1,fit,,,
2,2026-09-07T23:27:17+02:00,10004,Ebnoutalib,ST,Frankfurt,14901023,442,138,221.0,9.3,11211,5606,1,fit,,,
1,2026-09-02T08:49:13+02:00,10024,Schmied,ABW,Köln,1359195,20,20,20.0,14.7,185,185,4,fit,,,
2,2026-09-07T23:27:17+02:00,10024,Schmied,ABW,Köln,1359195,20,0,10.0,0.0,185,0,4,fit,,,
1,2026-09-02T08:49:13+02:00,10048,Duric,MF,Paderborn,1898722,0,0,0.0,0.0,0,0,5,fit,,,
2,2026-09-07T23:27:17+02:00,10048,Duric,MF,Paderborn,1898722,0,0,0.0,0.0,0,0,5,fit,,,
1,2026-09-02T08:49:13+02:00,10049,Behrens,ABW,Augsburg,12425973,143,143,143.0,11.5,5655,5655,1,fit,,,
2,2026-09-07T23:27:17+02:00,10049,Behrens,ABW,Augsburg,12425973,242,99,121.0,8.0,11311,5656,1,fit,,,
2,2026-09-07T23:27:17+02:00,10106,Ljubičić,ST,Union Berlin,4716011,14,-9,7.0,-1.9,10999,5500,2,fit,,,
1,2026-09-02T08:49:13+02:00,10112,Jaquez,ABW,Stuttgart,1810705,0,0,0.0,0.0,0,0,5,angeschlagen,,,
2,2026-09-07T23:27:17+02:00,10112,Jaquez,ABW,Stuttgart,1810705,0,0,0.0,0.0,0,0,5,angeschlagen,,,
1,2026-09-02T08:49:13+02:00,10113,Gomis,ST,Leipzig,9467127,176,176,176.0,18.6,2977,2977,3,fit,,,
2,2026-09-07T23:27:17+02:00,10113,Gomis,ST,Leipzig,9467127,186,10,93.0,1.1,5954,2977,3,fit,,,
1,2026-09-02T08:49:13+02:00,10114,Chukwuemeka,MF,Dortmund,3203267,0,0,0.0,0.0,0,0,4,fit,,,
2,2026-09-07T23:27:17+02:00,10114,Chukwuemeka,MF,Dortmund,3203267,0,0,0.0,0.0,0,0,4,fit,,,
1,2026-09-02T08:49:13+02:00,10115,Svensson,ABW,Dortmund,18911162,163,163,163.0,8.6,5878,5878,1,fit,,,
2,2026-09-07T23:27:17+02:00,10115,Svensson,ABW,Dortmund,18911162,286,123,143.0,6.5,11756,5878,1,fit,,,
1,2026-09-02T08:49:13+02:00,1012,Džeko,ST,Schalke,6966468,-30,-30,-30.0,-4.3,1052,1052,5,fit,,,
2,2026-09-07T23:27:17+02:00,1012,Džeko,ST,Schalke,6966468,-30,0,-15.0,0.0,1052,0,5,fit,,,
1,2026-09-02T08:49:13+02:00,10120,Røssing-Lelesiit,ST,Hamburg,1309787,0,0,0.0,0.0,0,0,5,Aufbautraining,,,
2,2026-09-07T23:27:17+02:00,10120,Røssing-Lelesiit,ST,Hamburg,1309787,0,0,0.0,0.0,0,0,5,Aufbautraining,,,
1,2026-09-02T08:49:13+02:00,10122,Gruber,ABW,Mainz,11934809,130,130,130.0,10.9,5677,5677,2,fit,,,
2,2026-09-07T23:27:17+02:00,10122,Gruber,ABW,Mainz,11934809,317,187,158.5,15.7,11355,5678,2,fit,,,
1,2026-09-02T08:49:13+02:00,10131,Stalmach,MF,Bremen,4028926,147,147,147.0,36.5,1887,1887,5,fit,,,
2,2026-09-07T23:27:17+02:00,10131,Stalmach,MF,Bremen,4028926,172,25,86.0,6.2,3775,1888,5,fit,,,
1,2026-09-02T08:49:13+02:00,10134,Schmetgens,ABW,Bremen,5165870,0,0,0.0,0.0,3740,3740,5,fit,,,
2,2026-09-07T23:27:17+02:00,10134,Schmetgens,ABW,Bremen,5165870,42,42,21.0,8.1,7480,3740,5,fit,,,
1,2026-09-02T08:49:13+02:00,10789,Karl,MF,Bayern,20713863,21,21,21.0,1.0,2100,2100,3,fit,,,
2,2026-09-07T23:27:17+02:00,10789,Karl,MF,Bayern,20713863,94,73,47.0,3.5,4200,2100,3,fit,,,
1,2026-09-02T08:49:13+02:00,10916,Ayhan,ABW,Schalke,4254885,-24,-24,-24.0,-5.6,1101,1101,4,fit,,,
2,2026-09-07T23:27:17+02:00,10916,Ayhan,ABW,Schalke,4254885,-13,11,-6.5,2.6,2203,1102,4,fit,,,
1,2026-09-02T08:49:13+02:00,11006,Suzuki,MF,Freiburg,16292066,395,395,395.0,24.2,4904,4904,1,fit,,,
2,2026-09-07T23:27:17+02:00,11006,Suzuki,MF,Freiburg,16292066,470,75,235.0,4.6,9808,4904,1,fit,,,
1,2026-09-02T08:49:13+02:00,11007,Irié,MF,Freiburg,5245770,60,60,60.0,11.4,2965,2965,5,fit,,,
2,2026-09-07T23:27:17+02:00,11007,Irié,MF,Freiburg,5245770,60,0,30.0,0.0,2965,0,5,fit,,,
1,2026-09-02T08:49:13+02:00,11008,Banzuzi,MF,Leipzig,11835477,103,103,103.0,8.7,5521,5521,3,fit,,,
2,2026-09-07T23:27:17+02:00,11008,Banzuzi,MF,Leipzig,11835477,129,26,64.5,2.2,11042,5521,3,fit,,,
1,2026-09-02T08:49:13+02:00,11010,Diks,ABW,M'gladbach,15275350,29,29,29.0,1.9,5845,5845,1,fit,,,
2,2026-09-07T23:27:17+02:00,11010,Diks,ABW,M'gladbach,15275350,82,53,41.0,3.5,11691,5846,1,fit,,,
1,2026-09-02T08:49:13+02:00,11043,Assignon,ABW,Stuttgart,2924285,0,0,0.0,0.0,0,0,4,fit,,,
2,2026-09-07T23:27:17+02:00,11043,Assignon,ABW,Stuttgart,2924285,0,0,0.0,0.0,0,0,4,fit,,,
1,2026-09-02T08:49:13+02:00,11099,Bellingham,MF,Dortmund,18267263,156,156,156.0,8.5,5878,5878,2,fit,,,
2,2026-09-07T23:27:17+02:00,11099,Bellingham,MF,Dortmund,18267263,246,90,123.0,4.9,11756,5878,2,fit,,,
1,2026-09-02T08:49:13+02:00,11100,Inácio,MF,Dortmund,5881080,-60,-60,-60.0,-10.2,155,155,5,gesperrt (Rot),,,
2,2026-09-07T23:27:17+02:00,11100,Inácio,MF,Dortmund,5881080,-60,0,-30.0,0.0,155,0,5,gesperrt (Rot),,,
1,2026-09-02T08:49:13+02:00,11161,Machida,ABW,Hoffenheim,3213414,0,0,0.0,0.0,0,0,5,fit,,,
2,2026-09-07T23:27:17+02:00,11161,Machida,ABW,Hoffenheim,3213414,0,0,0.0,0.0,0,0,5,fit,,,
1,2026-09-02T08:49:13+02:00,11162,Avdullahu,MF,Hoffenheim,16460977,75,75,75.0,4.6,5878,5878,1,fit,,,
2,2026-09-07T23:27:17+02:00,11162,Avdullahu,MF,Hoffenheim,16460977,211,136,105.5,8.3,11756,5878,1,fit,,,
1,2026-09-02T08:49:13+02:00,11170,Müller,MF,Paderborn,2779853,0,0,0.0,0.0,0,0,5,fit,,,
2,2026-09-07T23:27:17+02:00,11170,Müller,MF,Paderborn,2779853,0,0,0.0,0.0,0,0,5,fit,,,
1,2026-09-02T08:49:13+02:00,11186,Maluze,ABW,Frankfurt,4173772,194,194,194.0,46.5,6161,6161,4,fit,,,
2,2026-09-07T23:27:17+02:00,11186,Maluze,ABW,Frankfurt,4173772,194,0,97.0,0.0,6161,0,4,fit,,,
1,2026-09-02T08:49:13+02:00,11253,Mickelson,ABW,Elversberg,3373118,0,0,0.0,0.0,0,0,4,fit,,,
2,2026-09-07T23:27:17+02:00,11253,Mickelson,ABW,Elversberg,3373118,58,58,29.0,17.2,1249,1249,4,fit,,,
1,2026-09-02T08:49:13+02:00,11255,Katic,ABW,Schalke,10518442,67,67,67.0,6.4,5168,5168,1,fit,,,
2,2026-09-07T23:27:17+02:00,11255,Katic,ABW,Schalke,10518442,174,107,87.0,10.2,10337,5169,1,fit,,,
1,2026-09-02T08:49:13+02:00,11261,Kawasaki,MF,Mainz,2618119,0,0,0.0,0.0,0,0,5,fit,,,
2,2026-09-07T23:27:17+02:00,11261,Kawasaki,MF,Mainz,2618119,0,0,0.0,0.0,0,0,5,fit,,,
1,2026-09-02T08:49:13+02:00,11262,Musah,ST,Bremen,3815943,-5,-5,-5.0,-1.3,1381,1381,5,fit,,,
2,2026-09-07T23:27:17+02:00,11262,Musah,ST,Bremen,3815943,1,6,0.5,1.6,2762,1381,5,fit,,,
1,2026-09-02T08:49:13+02:00,11512,Capaldo,ABW,Hamburg,9611274,53,53,53.0,5.5,5715,5715,1,fit,,,
2,2026-09-07T23:27:17+02:00,11512,Capaldo,ABW,Hamburg,9611274,51,-2,25.5,-0.2,11430,5715,1,fit,,,
1,2026-09-02T08:49:13+02:00,11513,Kofane,ST,Leverkusen,10309573,109,109,109.0,10.6,2033,2033,5,fit,,,
2,2026-09-07T23:27:17+02:00,11513,Kofane,ST,Leverkusen,10309573,148,39,74.0,3.8,4066,2033,5,fit,,,
1,2026-09-02T08:49:13+02:00,11556,Massengo,MF,Augsburg,11489699,155,155,155.0,13.5,5655,5655,1,fit,,,
2,2026-09-07T23:27:17+02:00,11556,Massengo,MF,Augsburg,11489699,292,137,146.0,11.9,11311,5656,1,fit,,,
1,2026-09-02T08:49:13+02:00,11570,Sebulonsen,ABW,Köln,1503719,0,0,0.0,0.0,0,0,4,fit,,,
2,2026-09-07T23:27:17+02:00,11570,Sebulonsen,ABW,Köln,1503719,0,0,0.0,0.0,0,0,4,fit,,,
1,2026-09-02T08:49:13+02:00,11591,Lenz,MF,Hoffenheim,1144346,0,0,0.0,0.0,0,0,5,fit,,,
2,2026-09-07T23:27:17+02:00,11591,Lenz,MF,Hoffenheim,1144346,0,0,0.0,0.0,0,0,5,fit,,,
1,2026-09-02T08:49:13+02:00,11631,Burger,MF,Hoffenheim,20717396,63,63,63.0,3.0,5369,5369,1,fit,,,
2,2026-09-07T23:27:17+02:00,11631,Burger,MF,Hoffenheim,20717396,121,58,60.5,2.8,10738,5369,1,fit,,,
1,2026-09-02T08:49:13+02:00,11665,Potulski,ABW,Mainz,6379611,28,28,28.0,4.4,3265,3265,2,fit,,,
2,2026-09-07T23:27:17+02:00,11665,Potulski,ABW,Mainz,6379611,158,130,79.0,20.4,6531,3266,2,fit,,,
1,2026-09-02T08:49:13+02:00,11666,Kinzig,TW,Mainz,500000,0,0,0.0,0.0,0,0,5,fit,,,
2,2026-09-07T23:27:17+02:00,11666,Kinzig,TW,Mainz,500000,0,0,0.0,0.0,0,0,5,fit,,,
1,2026-09-02T08:49:13+02:00,11675,Díaz,ST,Bayern,53784914,215,215,215.0,4.0,5754,5754,2,fit,,,
2,2026-09-07T23:27:17+02:00,11675,Díaz,ST,Bayern,53784914,344,129,172.0,2.4,11508,5754,2,fit,,,
1,2026-09-02T08:49:13+02:00,11680,Eichhorn,MF,Leverkusen,2662317,0,0,0.0,0.0,0,0,5,verletzt,,,
2,2026-09-07T23:27:17+02:00,11680,Eichhorn,MF,Leverkusen,2662317,0,0,0.0,0.0,0,0,5,verletzt,,,
1,2026-09-02T08:49:13+02:00,11748,Mohya,MF,M'gladbach,7947788,11,11,11.0,1.4,4085,4085,3,fit,,,
2,2026-09-07T23:27:17+02:00,11748,Mohya,MF,M'gladbach,7947788,59,48,29.5,6.0,8171,4086,3,fit,,,
1,2026-09-02T08:49:13+02:00,11752,Omari,ABW,Hamburg,1693722,0,0,0.0,0.0,0,0,5,Aufbautraining,,,
2,2026-09-07T23:27:17+02:00,11752,Omari,ABW,Hamburg,1693722,0,0,0.0,0.0,0,0,5,Aufbautraining,,,
1,2026-09-02T08:49:13+02:00,11756,Culbreath,MF,Leverkusen,1681483,0,0,0.0,0.0,0,0,5,Aufbautraining,,,
2,2026-09-07T23:27:17+02:00,11756,Culbreath,MF,Leverkusen,1681483,0,0,0.0,0.0,0,0,5,Aufbautraining,,,
1,2026-09-02T08:49:13+02:00,118,Grifo,MF,Freiburg,8724314,0,0,0.0,0.0,0,0,3,fit,,,
2,2026-09-07T23:27:17+02:00,118,Grifo,MF,Freiburg,8724314,38,38,19.0,4.4,1248,1248,3,fit,,,
1,2026-09-02T08:49:13+02:00,11875,van den Berg,ABW,Köln,1065572,0,0,0.0,0.0,0,0,4,fit,,,
2,2026-09-07T23:27:17+02:00,11875,van den Berg,ABW,Köln,1065572,0,0,0.0,0.0,0,0,4,fit,,,
1,2026-09-02T08:49:13+02:00,11886,Rômulo,ST,Leipzig,11056774,0,0,0.0,0.0,0,0,4,angeschlagen,,,
2,2026-09-07T23:27:17+02:00,11886,Rômulo,ST,Leipzig,11056774,0,0,0.0,0.0,0,0,4,angeschlagen,,,
1,2026-09-02T08:49:13+02:00,11949,Nandja,ABW,Hamburg,2508927,0,0,0.0,0.0,0,0,4,fit,,,
2,2026-09-07T23:27:17+02:00,11949,Nandja,ABW,Hamburg,2508927,-1,-1,-0.5,-0.4,2914,2914,4,fit,,,
1,2026-09-02T08:49:13+02:00,11955,El Khannouss,MF,Stuttgart,18756255,-60,-60,-60.0,-3.2,2997,2997,3,fit,,,
2,2026-09-07T23:27:17+02:00,11955,El Khannouss,MF,Stuttgart,18756255,169,229,84.5,12.2,5995,2998,3,fit,,,
1,2026-09-02T08:49:13+02:00,11956,Fernández,MF,Leverkusen,11024813,39,39,39.0,3.5,3838,3838,2,fit,,,
2,2026-09-07T23:27:17+02:00,11956,Fernández,MF,Leverkusen,11024813,267,228,133.5,20.7,7676,3838,2,fit,,,
1,2026-09-02T08:49:13+02:00,11957,Ben Seghir,MF,Leverkusen,3223465,0,0,0.0,0.0,0,0,5,angeschlagen,,,
2,2026-09-07T23:27:17+02:00,11957,Ben Seghir,MF,Leverkusen,3223465,0,0,0.0,0.0,0,0,5,angeschlagen,,,
2,2026-09-07T23:27:17+02:00,11958,Castro-Montes,MF,Köln,9261870,114,51,57.0,5.5,11322,5661,2,angeschlagen,,,
1,2026-09-02T08:49:13+02:00,11959,Daghim,ST,Hoffenheim,10504905,163,163,163.0,15.5,5621,5621,2,fit,,,
2,2026-09-07T23:27:17+02:00,11959,Daghim,ST,Hoffenheim,10504905,308,145,154.0,13.8,11243,5622,2,fit,,,
1,2026-09-02T08:49:13+02:00,11967,Vieira,MF,Hamburg,19365258,0,0,0.0,0.0,0,0,1,fit,,,
2,2026-09-07T23:27:17+02:00,11967,Vieira,MF,Hamburg,19365258,3,3,1.5,0.2,2914,2914,1,fit,,,
1,2026-09-02T08:49:13+02:00,12158,Vozar,MF,Schalke,1958103,0,0,0.0,0.0,0,0,5,fit,,,
2,2026-09-07T23:27:17+02:00,12158,Vozar,MF,Schalke,1958103,5,5,2.5,2.6,1178,1178,5,fit,,,
1,2026-09-02T08:49:13+02:00,1223,Friedrich,ABW,Union Berlin,1770802,0,0,0.0,0.0,0,0,5,angeschlagen,,,
2,2026-09-07T23:27:17+02:00,1223,Friedrich,ABW,Union Berlin,1770802,0,0,0.0,0.0,0,0,5,angeschlagen,,,
1,2026-09-02T08:49:13+02:00,1225,Zingerle,TW,Leipzig,500000,0,0,0.0,0.0,0,0,5,fit,,,
2,2026-09-07T23:27:17+02:00,1225,Zingerle,TW,Leipzig,500000,0,0,0.0,0.0,0,0,5,fit,,,
1,2026-09-02T08:49:13+02:00,12262,Millgramm,ST,Paderborn,2890075,0,0,0.0,0.0,0,0,5,fit,,,
2,2026-09-07T23:27:17+02:00,12262,Millgramm,ST,Paderborn,2890075,0,0,0.0,0.0,0,0,5,fit,,,
1,2026-09-02T08:49:13+02:00,12284,Kosugi,ABW,Frankfurt,9514289,64,64,64.0,6.7,5911,5911,2,fit,,,
2,2026-09-07T23:27:17+02:00,12284,Kosugi,ABW,Frankfurt,9514289,118,54,59.0,5.7,11823,5912,2,fit,,,
1,2026-09-02T08:49:13+02:00,12285,Arrhov,MF,Frankfurt,1448984,-6,-6,-6.0,-4.1,944,944,5,fit,,,
2,2026-09-07T23:27:17+02:00,12285,Arrhov,MF,Frankfurt,1448984,-6,0,-3.0,0.0,944,0,5,fit,,,
1,2026-09-02T08:49:13+02:00,12294,Amaimouni,MF,Frankfurt,8365555,73,73,73.0,8.7,3337,3337,4,fit,,,
2,2026-09-07T23:27:17+02:00,12294,Amaimouni,MF,Frankfurt,8365555,82,9,41.0,1.1,6675,3338,4,fit,,,
1,2026-09-02T08:49:13+02:00,12297,Tanaka,MF,Schalke,6030349,0,0,0.0,0.0,0,0,2,fit,,,
2,2026-09-07T23:27:17+02:00,12297,Tanaka,MF,Schalke,6030349,94,94,47.0,15.6,5741,5741,2,fit,,,
1,2026-09-02T08:49:13+02:00,12314,Ndiaye,MF,Bayern,1358312,0,0,0.0,0.0,0,0,5,fit,,,
2,2026-09-07T23:27:17+02:00,12314,Ndiaye,MF,Bayern,1358312,0,0,0.0,0.0,0,0,5,fit,,,
1,2026-09-02T08:49:13+02:00,12317,Adam,ST,Elversberg,2892353,0,0,0.0,0.0,0,0,5,fit,,,
2,2026-09-07T23:27:17+02:00,12317,Adam,ST,Elversberg,2892353,0,0,0.0,0.0,0,0,5,fit,,,
1,2026-09-02T08:49:13+02:00,12321,Simpson-Pusey,ABW,Köln,10373269,62,62,62.0,6.0,5753,5753,1,fit,,,
2,2026-09-07T23:27:17+02:00,12321,Simpson-Pusey,ABW,Köln,10373269,141,79,70.5,7.6,11507,5754,1,fit,,,
1,2026-09-02T08:49:13+02:00,12341,Ribeiro,ST,Augsburg,5222289,103,103,103.0,19.7,982,982,5,fit,,,
2,2026-09-07T23:27:17+02:00,12341,Ribeiro,ST,Augsburg,5222289,131,28,65.5,5.4,1964,982,5,fit,,,
1,2026-09-02T08:49:13+02:00,12368,Tangvik,TW,Hamburg,1228309,0,0,0.0,0.0,0,0,5,fit,,,
2,2026-09-07T23:27:17+02:00,12368,Tangvik,TW,Hamburg,1228309,0,0,0.0,0.0,0,0,5,fit,,,
1,2026-09-02T08:49:13+02:00,1246,Orban,ABW,Leipzig,30379465,171,171,171.0,5.6,5907,5907,2,fit,,,
2,2026-09-07T23:27:17+02:00,1246,Orban,ABW,Leipzig,30379465,287,116,143.5,3.8,11814,5907,2,fit,,,
1,2026-09-02T08:49:13+02:00,1257,Kübler,ABW,Freiburg,6699454,102,102,102.0,15.2,2734,2734,4,fit,,,
2,2026-09-07T23:27:17+02:00,1257,Kübler,ABW,Freiburg,6699454,136,34,68.0,5.1,5469,2735,4,fit,,,
1,2026-09-02T08:49:13+02:00,12763,Latte Lath,ST,Union Berlin,9317606,96,96,96.0,10.3,3957,3957,3,fit,,,
2,2026-09-07T23:27:17+02:00,12763,Latte Lath,ST,Union Berlin,9317606,80,-16,40.0,-1.7,7914,3957,3,fit,,,
1,2026-09-02T08:49:13+02:00,1333,Klostermann,ABW,Leipzig,713508,0,0,0.0,0.0,0,0,5,fit,,,
2,2026-09-07T23:27:17+02:00,1333,Klostermann,ABW,Leipzig,713508,0,0,0.0,0.0,0,0,5,fit,,,
1,2026-09-02T08:49:13+02:00,13431,Siebeking,TW,Schalke,500000,0,0,0.0,0.0,0,0,5,fit,,,
2,2026-09-07T23:27:17+02:00,13431,Siebeking,TW,Schalke,500000,0,0,0.0,0.0,0,0,5,fit,,,
1,2026-09-02T08:49:13+02:00,13433,Lemke,ABW,Hamburg,5778034,2,2,2.0,0.3,3000,3000,4,fit,,,
2,2026-09-07T23:27:17+02:00,13433,Lemke,ABW,Hamburg,5778034,-13,-15,-6.5,-2.6,6001,3001,4,fit,,,
1,2026-09-02T08:49:13+02:00,13438,Ruoppi,MF,Mainz,1571469,15,15,15.0,9.5,976,976,5,fit,,,
2,2026-09-07T23:27:17+02:00,13438,Ruoppi,MF,Mainz,1571469,38,23,19.0,14.6,1953,977,5,fit,,,
1,2026-09-02T08:49:13+02:00,13442,Bolin,MF,M'gladbach,11872239,32,32,32.0,2.7,5845,5845,1,fit,,,
2,2026-09-07T23:27:17+02:00,13442,Bolin,MF,M'gladbach,11872239,318,286,159.0,24.1,11691,5846,1,fit,,,
1,2026-09-02T08:49:13+02:00,13448,Aouchiche,MF,Schalke,11195742,43,43,43.0,3.8,5162,5162,1,fit,,,
2,2026-09-07T23:27:17+02:00,13448,Aouchiche,MF,Schalke,11195742,127,84,63.5,7.5,10325,5163,1,fit,,,
1,2026-09-02T08:49:13+02:00,13449,Ndiaye,ABW,Bremen,3416171,0,0,0.0,0.0,0,0,5,fit,,,
2,2026-09-07T23:27:17+02:00,13449,Ndiaye,ABW,Bremen,3416171,0,0,0.0,0.0,0,0,5,fit,,,
1,2026-09-02T08:49:13+02:00,13472,Reggiani,ABW,Dortmund,2701093,0,0,0.0,0.0,0,0,4,fit,,,
2,2026-09-07T23:27:17+02:00,13472,Reggiani,ABW,Dortmund,2701093,57,57,28.5,21.1,1999,1999,4,fit,,,
1,2026-09-02T08:49:13+02:00,13479,Ogundu,ST,Augsburg,2898926,0,0,0.0,0.0,0,0,5,fit,,,
2,2026-09-07T23:27:17+02:00,13479,Ogundu,ST,Augsburg,2898926,0,0,0.0,0.0,0,0,5,fit,,,
1,2026-09-02T08:49:13+02:00,13629,Güther,MF,Union Berlin,1923242,0,0,0.0,0.0,0,0,5,fit,,,
2,2026-09-07T23:27:17+02:00,13629,Güther,MF,Union Berlin,1923242,0,0,0.0,0.0,0,0,5,fit,,,
1,2026-09-02T08:49:13+02:00,13671,Wisbereit,TW,Augsburg,500000,0,0,0.0,0.0,0,0,5,fit,,,
2,2026-09-07T23:27:17+02:00,13671,Wisbereit,TW,Augsburg,500000,0,0,0.0,0.0,0,0,5,fit,,,
1,2026-09-02T08:49:13+02:00,13806,Seol,ABW,Augsburg,3047251,73,73,73.0,24.0,745,745,4,fit,,,
2,2026-09-07T23:27:17+02:00,13806,Seol,ABW,Augsburg,3047251,105,32,52.5,10.5,1490,745,4,fit,,,
1,2026-09-02T08:49:13+02:00,13888,Doué,ABW,Leverkusen,16927744,0,0,0.0,0.0,0,0,4,angeschlagen,,,
2,2026-09-07T23:27:17+02:00,13888,Doué,ABW,Leverkusen,16927744,0,0,0.0,0.0,0,0,4,angeschlagen,,,
1,2026-09-02T08:49:13+02:00,14048,Goto,ST,Freiburg,3312705,11,11,11.0,3.3,810,810,5,fit,,,
2,2026-09-07T23:27:17+02:00,14048,Goto,ST,Freiburg,3312705,30,19,15.0,5.7,1620,810,5,fit,,,
1,2026-09-02T08:49:13+02:00,14140,Mensah,ABW,Köln,9811624,87,87,87.0,8.9,5753,5753,1,fit,,,
2,2026-09-07T23:27:17+02:00,14140,Mensah,ABW,Köln,9811624,126,39,63.0,4.0,11507,5754,1,fit,,,
1,2026-09-02T08:49:13+02:00,14241,Medina,ABW,Leverkusen,9490857,21,21,21.0,2.2,3385,3385,2,angeschlagen,,,
2,2026-09-07T23:27:17+02:00,14241,Medina,ABW,Leverkusen,9490857,256,235,128.0,24.8,6771,3386,2,angeschlagen,,,
1,2026-09-02T08:49:13+02:00,14249,El Aynaoui,MF,Leipzig,14065506,0,0,0.0,0.0,0,0,3,fit,,,
2,2026-09-07T23:27:17+02:00,14249,El Aynaoui,MF,Leipzig,14065506,45,45,22.5,3.2,4640,4640,3,fit,,,
1,2026-09-02T08:49:13+02:00,14251,Saibari,ST,Bayern,30423109,180,180,180.0,5.9,2795,2795,3,fit,,,
2,2026-09-07T23:27:17+02:00,14251,Saibari,ST,Bayern,30423109,219,39,109.5,1.3,5590,2795,3,fit,,,
1,2026-09-02T08:49:13+02:00,14256,El Ouahdi,ABW,Hamburg,10669604,0,0,0.0,0.0,0,0,1,fit,,,
2,2026-09-07T23:27:17+02:00,14256,El Ouahdi,ABW,Hamburg,10669604,-24,-24,-12.0,-2.2,5624,5624,1,fit,,,
1,2026-09-02T08:49:13+02:00,14300,Okon-Engstler,MF,Köln,4454010,55,55,55.0,12.3,3373,3373,3,fit,,,
2,2026-09-07T23:27:17+02:00,14300,Okon-Engstler,MF,Köln,4454010,74,19,37.0,4.3,6747,3374,3,fit,,,
1,2026-09-02T08:49:13+02:00,14425,Møller Wolfe,ABW,Hamburg,9275411,0,0,0.0,0.0,0,0,2,fit,,,
2,2026-09-07T23:27:17+02:00,14425,Møller Wolfe,ABW,Hamburg,9275411,20,20,10.0,2.2,5086,5086,2,fit,,,
1,2026-09-02T08:49:13+02:00,14662,Lerma,MF,Dortmund,2697391,0,0,0.0,0.0,0,0,5,verletzt,,,
2,2026-09-07T23:27:17+02:00,14662,Lerma,MF,Dortmund,2697391,0,0,0.0,0.0,0,0,5,verletzt,,,
1,2026-09-02T08:49:13+02:00,14896,Koné,ABW,Leipzig,1741001,0,0,0.0,0.0,0,0,5,fit,,,
2,2026-09-07T23:27:17+02:00,14896,Koné,ABW,Leipzig,1741001,0,0,0.0,0.0,0,0,5,fit,,,
1,2026-09-02T08:49:13+02:00,14899,Prates,ABW,Dortmund,3818133,34,34,34.0,8.9,632,632,5,fit,,,
2,2026-09-07T23:27:17+02:00,14899,Prates,ABW,Dortmund,3818133,34,0,17.0,0.0,632,0,5,fit,,,
1,2026-09-02T08:49:13+02:00,14911,Lippmann,ABW,Paderborn,1668858,2,2,2.0,1.2,182,182,5,fit,,,
2,2026-09-07T23:27:17+02:00,14911,Lippmann,ABW,Paderborn,1668858,2,0,1.0,0.0,182,0,5,fit,,,
1,2026-09-02T08:49:13+02:00,14914,Gayret,MF,Paderborn,536782,0,0,0.0,0.0,0,0,5,verletzt,,,
2,2026-09-07T23:27:17+02:00,14914,Gayret,MF,Paderborn,536782,0,0,0.0,0.0,0,0,5,verletzt,,,
1,2026-09-02T08:49:13+02:00,14917,Van den Bosch,ABW,Union Berlin,9616749,91,91,91.0,9.5,5905,5905,3,fit,,,
2,2026-09-07T23:27:17+02:00,14917,Van den Bosch,ABW,Union Berlin,9616749,101,10,50.5,1.0,11810,5905,3,fit,,,
1,2026-09-02T08:49:13+02:00,14920,Pimpong,ST,Frankfurt,2186707,6,6,6.0,2.7,1069,1069,5,fit,,,
2,2026-09-07T23:27:17+02:00,14920,Pimpong,ST,Frankfurt,2186707,-12,-18,-6.0,-8.2,2139,1070,5,fit,,,
1,2026-09-02T08:49:13+02:00,14923,Quetant,ST,Bremen,911354,0,0,0.0,0.0,0,0,5,fit,,,
2,2026-09-07T23:27:17+02:00,14923,Quetant,ST,Bremen,911354,0,0,0.0,0.0,0,0,5,fit,,,
1,2026-09-02T08:49:13+02:00,14926,Soylu,MF,Bremen,802785,0,0,0.0,0.0,0,0,5,fit,,,
2,2026-09-07T23:27:17+02:00,14926,Soylu,MF,Bremen,802785,0,0,0.0,0.0,0,0,5,fit,,,
1,2026-09-02T08:49:13+02:00,15181,Leszczynski,ABW,M'gladbach,4365708,0,0,0.0,0.0,0,0,4,fit,,,
2,2026-09-07T23:27:17+02:00,15181,Leszczynski,ABW,M'gladbach,4365708,1,1,0.5,0.2,1116,1116,4,fit,,,
1,2026-09-02T08:49:13+02:00,15193,Rots,ABW,Hoffenheim,7593345,-14,-14,-14.0,-1.8,3228,3228,2,fit,,,
2,2026-09-07T23:27:17+02:00,15193,Rots,ABW,Hoffenheim,7593345,91,105,45.5,13.8,6457,3229,2,fit,,,
1,2026-09-02T08:49:13+02:00,15196,Yamamoto,MF,Freiburg,3008432,0,0,0.0,0.0,0,0,5,fit,,,
2,2026-09-07T23:27:17+02:00,15196,Yamamoto,MF,Freiburg,3008432,0,0,0.0,0.0,0,0,5,fit,,,
1,2026-09-02T08:49:13+02:00,15199,Moreira,ST,Leverkusen,23878669,5,5,5.0,0.2,5437,5437,2,fit,,,
2,2026-09-07T23:27:17+02:00,15199,Moreira,ST,Leverkusen,23878669,135,130,67.5,5.4,10875,5438,2,fit,,,
1,2026-09-02T08:49:13+02:00,15202,Uno,MF,M'gladbach,1580308,0,0,0.0,0.0,0,0,5,fit,,,
2,2026-09-07T23:27:17+02:00,15202,Uno,MF,M'gladbach,1580308,0,0,0.0,0.0,0,0,5,fit,,,
1,2026-09-02T08:49:13+02:00,15211,Gadou,ABW,Dortmund,25643858,132,132,132.0,5.1,4878,4878,2,fit,,,
2,2026-09-07T23:27:17+02:00,15211,Gadou,ABW,Dortmund,25643858,196,64,98.0,2.5,9756,4878,2,fit,,,
1,2026-09-02T08:49:13+02:00,15256,Wójcik,ABW,Bremen,2226751,0,0,0.0,0.0,0,0,5,fit,,,
2,2026-09-07T23:27:17+02:00,15256,Wójcik,ABW,Bremen,2226751,0,0,0.0,0.0,0,0,5,fit,,,
1,2026-09-02T08:49:13+02:00,15262,De Cat,MF,Hoffenheim,12757608,-9,-9,-9.0,-0.7,1257,1257,3,fit,,,
2,2026-09-07T23:27:17+02:00,15262,De Cat,MF,Hoffenheim,12757608,-11,-2,-5.5,-0.2,2514,1257,3,fit,,,
1,2026-09-02T08:49:13+02:00,15283,Adeline,MF,Hamburg,4831075,3,3,3.0,0.6,3473,3473,4,fit,,,
2,2026-09-07T23:27:17+02:00,15283,Adeline,MF,Hamburg,4831075,-9,-12,-4.5,-2.5,6947,3474,4,fit,,,
1,2026-09-02T08:49:13+02:00,15313,Erevbenagie,ST,Bremen,3810077,0,0,0.0,0.0,0,0,5,fit,,,
2,2026-09-07T23:27:17+02:00,15313,Erevbenagie,ST,Bremen,3810077,37,37,18.5,9.7,1768,1768,5,fit,,,
1,2026-09-02T08:49:13+02:00,15373,Heskey,MF,Köln,3705242,0,0,0.0,0.0,0,0,5,fit,,,
2,2026-09-07T23:27:17+02:00,15373,Heskey,MF,Köln,3705242,-8,-8,-4.0,-2.2,1185,1185,5,fit,,,
1,2026-09-02T08:49:13+02:00,15376,Estève,ABW,Leipzig,9913548,0,0,0.0,0.0,0,0,3,fit,,,
2,2026-09-07T23:27:17+02:00,15376,Estève,ABW,Leipzig,9913548,157,157,78.5,15.8,5968,5968,3,fit,,,
1,2026-09-02T08:49:13+02:00,1540,Da Costa,ABW,Mainz,11196337,143,143,143.0,12.8,3231,3231,3,fit,,,
2,2026-09-07T23:27:17+02:00,1540,Da Costa,ABW,Mainz,11196337,178,35,89.0,3.1,6462,3231,3,fit,,,
1,2026-09-02T08:49:13+02:00,15472,Daka,ST,Hamburg,9336533,12,12,12.0,1.3,3544,3544,3,fit,,,
2,2026-09-07T23:27:17+02:00,15472,Daka,ST,Hamburg,9336533,5,-7,2.5,-0.7,7088,3544,3,fit,,,
1,2026-09-02T08:49:13+02:00,15478,Nadir,MF,Hamburg,1663353,-11,-11,-11.0,-6.6,1763,1763,3,fit,,,
2,2026-09-07T23:27:17+02:00,15478,Nadir,MF,Hamburg,1663353,-7,4,-3.5,2.4,3526,1763,3,fit,,,
1,2026-09-02T08:49:13+02:00,15502,Binder,MF,Bayern,1869169,0,0,0.0,0.0,0,0,5,Aufbautraining,,,
2,2026-09-07T23:27:17+02:00,15502,Binder,MF,Bayern,1869169,0,0,0.0,0.0,0,0,5,Aufbautraining,,,
1,2026-09-02T08:49:13+02:00,1553,Haberer,MF,Union Berlin,2528511,29,29,29.0,11.5,1497,1497,4,fit,,,
2,2026-09-07T23:27:17+02:00,1553,Haberer,MF,Union Berlin,2528511,44,15,22.0,5.9,2995,1498,4,fit,,,
1,2026-09-02T08:49:13+02:00,15589,Otávio,ABW,Frankfurt,6615672,-1,-1,-1.0,-0.2,611,611,4,fit,,,
2,2026-09-07T23:27:17+02:00,15589,Otávio,ABW,Frankfurt,6615672,-1,0,-0.5,0.0,611,0,4,fit,,,
1,2026-09-02T08:49:13+02:00,15613,Hashioka,ABW,M'gladbach,6295640,17,17,17.0,2.7,4604,4604,4,angeschlagen,,,
2,2026-09-07T23:27:17+02:00,15613,Hashioka,ABW,M'gladbach,6295640,17,0,8.5,0.0,4604,0,4,angeschlagen,,,
1,2026-09-02T08:49:13+02:00,157,Stark,ABW,Bremen,3341233,0,0,0.0,0.0,0,0,5,fit,,,
2,2026-09-07T23:27:17+02:00,157,Stark,ABW,Bremen,3341233,0,0,0.0,0.0,0,0,5,fit,,,
2,2026-09-07T23:27:17+02:00,1580,Schwäbe,TW,Köln,15721168,285,109,142.5,6.9,11507,5754,1,fit,,,
1,2026-09-02T08:49:13+02:00,1590,Zentner,TW,Mainz,14372632,104,104,104.0,7.2,5731,5731,3,angeschlagen,,,
2,2026-09-07T23:27:17+02:00,1590,Zentner,TW,Mainz,14372632,104,0,52.0,0.0,5731,0,3,angeschlagen,,,
1,2026-09-02T08:49:13+02:00,16369,Onyedika,MF,Frankfurt,13031366,28,28,28.0,2.1,5911,5911,1,fit,,,
2,2026-09-07T23:27:17+02:00,16369,Onyedika,MF,Frankfurt,13031366,122,94,61.0,7.2,11823,5912,1,fit,,,
1,2026-09-02T08:49:13+02:00,16378,Karetsas,MF,Dortmund,26366159,214,214,214.0,8.1,4257,4257,2,fit,,,
2,2026-09-07T23:27:17+02:00,16378,Karetsas,MF,Dortmund,26366159,249,35,124.5,1.3,8514,4257,2,fit,,,
1,2026-09-02T08:49:13+02:00,1639,Amiri,MF,Mainz,34797438,167,167,167.0,4.8,5677,5677,1,fit,,,
2,2026-09-07T23:27:17+02:00,1639,Amiri,MF,Mainz,34797438,339,172,169.5,4.9,11355,5678,1,fit,,,
1,2026-09-02T08:49:13+02:00,1645,Eggestein,MF,Freiburg,17415807,119,119,119.0,6.8,5714,5714,1,fit,,,
2,2026-09-07T23:27:17+02:00,1645,Eggestein,MF,Freiburg,17415807,349,230,174.5,13.2,11429,5715,1,fit,,,
1,2026-09-02T08:49:13+02:00,16564,Nguefack,MF,M'gladbach,2984268,17,17,17.0,5.7,3891,3891,3,fit,,,
2,2026-09-07T23:27:17+02:00,16564,Nguefack,MF,M'gladbach,2984268,59,42,29.5,14.1,7783,3892,3,fit,,,
1,2026-09-02T08:49:13+02:00,1664,Mittelstädt,ABW,Stuttgart,26842598,79,79,79.0,2.9,5244,5244,1,fit,,,
2,2026-09-07T23:27:17+02:00,1664,Mittelstädt,ABW,Stuttgart,26842598,292,213,146.0,7.9,10489,5245,1,fit,,,
1,2026-09-02T08:49:13+02:00,1671,Prömel,MF,Stuttgart,15934008,35,35,35.0,2.2,5734,5734,1,fit,,,
2,2026-09-07T23:27:17+02:00,1671,Prömel,MF,Stuttgart,15934008,258,223,129.0,14.0,11468,5734,1,fit,,,
1,2026-09-02T08:49:13+02:00,168,Michel,ST,Paderborn,1491613,0,0,0.0,0.0,0,0,5,Aufbautraining,,,
2,2026-09-07T23:27:17+02:00,168,Michel,ST,Paderborn,1491613,0,0,0.0,0.0,0,0,5,Aufbautraining,,,
1,2026-09-02T08:49:13+02:00,1685,Kimmich,MF,Bayern,59903460,303,303,303.0,5.1,5754,5754,1,fit,,,
2,2026-09-07T23:27:17+02:00,1685,Kimmich,MF,Bayern,59903460,557,254,278.5,4.2,11508,5754,1,fit,,,
1,2026-09-02T08:49:13+02:00,1689,Henrichs,ABW,Leipzig,4648220,34,34,34.0,7.3,1393,1393,4,fit,,,
2,2026-09-07T23:27:17+02:00,1689,Henrichs,ABW,Leipzig,4648220,34,0,17.0,0.0,1393,0,4,fit,,,
1,2026-09-02T08:49:13+02:00,1691,Porath,MF,Schalke,1687379,0,0,0.0,0.0,0,0,5,fit,,,
2,2026-09-07T23:27:17+02:00,1691,Porath,MF,Schalke,1687379,0,0,0.0,0.0,0,0,5,fit,,,
1,2026-09-02T08:49:13+02:00,16945,Dallinga,ST,Köln,7982760,240,240,240.0,30.1,1810,1810,5,fit,,,
2,2026-09-07T23:27:17+02:00,16945,Dallinga,ST,Köln,7982760,240,0,120.0,0.0,1810,0,5,fit,,,
1,2026-09-02T08:49:13+02:00,16948,Konstantelias,MF,Dortmund,12803943,181,181,181.0,14.1,3348,3348,5,verletzt,,,
2,2026-09-07T23:27:17+02:00,16948,Konstantelias,MF,Dortmund,12803943,181,0,90.5,0.0,3348,0,5,verletzt,,,
1,2026-09-02T08:49:13+02:00,1704,Anton,ABW,Dortmund,33771926,158,158,158.0,4.7,5878,5878,1,fit,,,
2,2026-09-07T23:27:17+02:00,1704,Anton,ABW,Dortmund,33771926,446,288,223.0,8.5,11756,5878,1,fit,,,
1,2026-09-02T08:49:13+02:00,17179,Nakuzola,ABW,Mainz,1738577,0,0,0.0,0.0,0,0,5,fit,,,
2,2026-09-07T23:27:17+02:00,17179,Nakuzola,ABW,Mainz,1738577,23,23,11.5,13.2,324,324,5,fit,,,
1,2026-09-02T08:49:13+02:00,17203,Moffi,ST,Hamburg,4274529,2,2,2.0,0.5,2763,2763,3,fit,,,
2,2026-09-07T23:27:17+02:00,17203,Moffi,ST,Hamburg,4274529,-17,-19,-8.5,-4.4,5527,2764,3,fit,,,
1,2026-09-02T08:49:13+02:00,1728,Nyland,TW,Leipzig,2410558,0,0,0.0,0.0,0,0,5,fit,,,
2,2026-09-07T23:27:17+02:00,1728,Nyland,TW,Leipzig,2410558,0,0,0.0,0.0,0,0,5,fit,,,
1,2026-09-02T08:49:13+02:00,17282,Moore,MF,Köln,11304785,0,0,0.0,0.0,0,0,2,fit,,,
2,2026-09-07T23:27:17+02:00,17282,Moore,MF,Köln,11304785,36,36,18.0,3.2,2967,2967,2,fit,,,
1,2026-09-02T08:49:13+02:00,17285,Brassier,ABW,Frankfurt,12556758,0,0,0.0,0.0,0,0,1,fit,,,
2,2026-09-07T23:27:17+02:00,17285,Brassier,ABW,Frankfurt,12556758,79,79,39.5,6.3,5662,5662,1,fit,,,
1,2026-09-02T08:49:13+02:00,17288,Regeer,MF,Bremen,6565482,0,0,0.0,0.0,0,0,2,fit,gekauft,5930002,
1,2026-09-02T08:49:13+02:00,173,Tah,ABW,Bayern,31783021,35,35,35.0,1.1,3217,3217,2,fit,,,
2,2026-09-07T23:27:17+02:00,173,Tah,ABW,Bayern,31783021,267,232,133.5,7.3,6434,3217,2,fit,,,
1,2026-09-02T08:49:13+02:00,17306,Imeri,MF,Union Berlin,3470440,0,0,0.0,0.0,0,0,5,Aufbautraining,,,
2,2026-09-07T23:27:17+02:00,17306,Imeri,MF,Union Berlin,3470440,0,0,0.0,0.0,0,0,5,Aufbautraining,,,
1,2026-09-02T08:49:13+02:00,17309,Nwaneri,MF,Dortmund,18640433,0,0,0.0,0.0,0,0,3,fit,,,
2,2026-09-07T23:27:17+02:00,17309,Nwaneri,MF,Dortmund,18640433,65,65,32.5,3.5,4036,4036,3,fit,,,
1,2026-09-02T08:49:13+02:00,1745,Condé,MF,Elversberg,1448261,0,0,0.0,0.0,0,0,5,fit,,,
2,2026-09-07T23:27:17+02:00,1745,Condé,MF,Elversberg,1448261,14,14,7.0,9.7,483,483,5,fit,,,
1,2026-09-02T08:49:13+02:00,1767,Huth,TW,Freiburg,500000,0,0,0.0,0.0,0,0,5,fit,,,
2,2026-09-07T23:27:17+02:00,1767,Huth,TW,Freiburg,500000,0,0,0.0,0.0,0,0,5,fit,,,
1,2026-09-02T08:49:13+02:00,1809,Wolf,MF,Augsburg,8553667,238,238,238.0,27.8,4910,4910,3,fit,,,
2,2026-09-07T23:27:17+02:00,1809,Wolf,MF,Augsburg,8553667,400,162,200.0,18.9,9820,4910,3,fit,,,
1,2026-09-02T08:49:13+02:00,1811,Gouweleeuw,ABW,Augsburg,7047069,22,22,22.0,3.1,388,388,3,fit,,,
2,2026-09-07T23:27:17+02:00,1811,Gouweleeuw,ABW,Augsburg,7047069,52,30,26.0,4.3,777,389,3,fit,,,
1,2026-09-02T08:49:13+02:00,1815,Kramarić,MF,Hoffenheim,12554831,-3,-3,-3.0,-0.2,940,940,3,fit,,,
2,2026-09-07T23:27:17+02:00,1815,Kramarić,MF,Hoffenheim,12554831,-26,-23,-13.0,-1.8,1881,941,3,fit,,,
1,2026-09-02T08:49:13+02:00,1856,Sabitzer,MF,Dortmund,7341732,37,37,37.0,5.0,1482,1482,4,fit,,,
2,2026-09-07T23:27:17+02:00,1856,Sabitzer,MF,Dortmund,7341732,53,16,26.5,2.2,2965,1483,4,fit,,,
1,2026-09-02T08:49:13+02:00,1858,Jung,ABW,Freiburg,2381953,0,0,0.0,0.0,0,0,5,fit,,,
2,2026-09-07T23:27:17+02:00,1858,Jung,ABW,Freiburg,2381953,0,0,0.0,0.0,0,0,5,fit,,,
1,2026-09-02T08:49:13+02:00,1863,Heuer Fernandes,TW,Hamburg,13652441,97,97,97.0,7.1,5715,5715,1,fit,,,
2,2026-09-07T23:27:17+02:00,1863,Heuer Fernandes,TW,Hamburg,13652441,143,46,71.5,3.4,11430,5715,1,fit,,,
1,2026-09-02T08:49:13+02:00,1865,Poulsen,ST,Hamburg,1352470,-9,-9,-9.0,-6.7,744,744,5,fit,,,
2,2026-09-07T23:27:17+02:00,1865,Poulsen,ST,Hamburg,1352470,-9,0,-4.5,0.0,744,0,5,fit,,,
1,2026-09-02T08:49:13+02:00,1873,Kobel,TW,Dortmund,20489262,169,169,169.0,8.2,5878,5878,1,fit,,,
2,2026-09-07T23:27:17+02:00,1873,Kobel,TW,Dortmund,20489262,321,152,160.5,7.4,11756,5878,1,fit,,,
1,2026-09-02T08:49:13+02:00,1883,Nicolas,TW,M'gladbach,18235593,189,189,189.0,10.4,5845,5845,1,fit,,,
2,2026-09-07T23:27:17+02:00,1883,Nicolas,TW,M'gladbach,18235593,320,131,160.0,7.2,11691,5846,1,fit,,,
1,2026-09-02T08:49:13+02:00,1889,Jatta,MF,Hamburg,6659662,29,29,29.0,4.4,5061,5061,5,fit,,,
2,2026-09-07T23:27:17+02:00,1889,Jatta,MF,Hamburg,6659662,29,0,14.5,0.0,5061,0,5,fit,,,
1,2026-09-02T08:49:13+02:00,1910,Müller,TW,Freiburg,500000,0,0,0.0,0.0,0,0,5,fit,,,
2,2026-09-07T23:27:17+02:00,1910,Müller,TW,Freiburg,500000,0,0,0.0,0.0,0,0,5,fit,,,
1,2026-09-02T08:49:13+02:00,1920,Guirassy,ST,Dortmund,30852648,180,180,180.0,5.8,5623,5623,1,fit,,,
2,2026-09-07T23:27:17+02:00,1920,Guirassy,ST,Dortmund,30852648,412,232,206.0,7.5,11247,5624,1,fit,,,
1,2026-09-02T08:49:13+02:00,1954,Bernardo,ABW,Hoffenheim,6214517,62,62,62.0,10.0,3268,3268,4,fit,,,
2,2026-09-07T23:27:17+02:00,1954,Bernardo,ABW,Hoffenheim,6214517,62,0,31.0,0.0,3268,0,4,fit,,,
1,2026-09-02T08:49:13+02:00,1955,Burke,ST,Union Berlin,2102657,0,0,0.0,0.0,0,0,5,angeschlagen,,,
2,2026-09-07T23:27:17+02:00,1955,Burke,ST,Union Berlin,2102657,0,0,0.0,0.0,0,0,5,angeschlagen,,,
1,2026-09-02T08:49:13+02:00,1961,Gnabry,MF,Bayern,12398650,0,0,0.0,0.0,0,0,5,angeschlagen,,,
2,2026-09-07T23:27:17+02:00,1961,Gnabry,MF,Bayern,12398650,0,0,0.0,0.0,0,0,5,angeschlagen,,,
1,2026-09-02T08:49:13+02:00,1964,Götze,ABW,Paderborn,4381743,0,0,0.0,0.0,0,0,4,angeschlagen,,,
2,2026-09-07T23:27:17+02:00,1964,Götze,ABW,Paderborn,4381743,0,0,0.0,0.0,0,0,4,angeschlagen,,,
1,2026-09-02T08:49:13+02:00,1978,Torunarigha,ABW,Hamburg,8681162,2,2,2.0,0.2,3907,3907,2,fit,,,
2,2026-09-07T23:27:17+02:00,1978,Torunarigha,ABW,Hamburg,8681162,-2,-4,-1.0,-0.5,7815,3908,2,fit,,,
1,2026-09-02T08:49:13+02:00,1991,Upamecano,ABW,Bayern,33588472,272,272,272.0,8.1,5754,5754,3,fit,,,
2,2026-09-07T23:27:17+02:00,1991,Upamecano,ABW,Bayern,33588472,489,217,244.5,6.5,11508,5754,3,fit,,,
1,2026-09-02T08:49:13+02:00,1996,Friedl,ABW,Bremen,11681715,70,70,70.0,6.0,5837,5837,1,fit,,,
2,2026-09-07T23:27:17+02:00,1996,Friedl,ABW,Bremen,11681715,158,88,79.0,7.5,11674,5837,1,fit,,,
1,2026-09-02T08:49:13+02:00,2006,Posch,ABW,Mainz,8511551,0,0,0.0,0.0,0,0,3,fit,,,
2,2026-09-07T23:27:17+02:00,2006,Posch,ABW,Mainz,8511551,123,123,61.5,14.5,5299,5299,3,fit,,,
1,2026-09-02T08:49:13+02:00,2015,Obermair,MF,Paderborn,8865866,90,90,90.0,10.2,5727,5727,1,fit,,,
2,2026-09-07T23:27:17+02:00,2015,Obermair,MF,Paderborn,8865866,140,50,70.0,5.6,11454,5727,1,fit,,,
1,2026-09-02T08:49:13+02:00,2030,Tietz,ST,Mainz,15397960,85,85,85.0,5.5,5677,5677,1,fit,,,
2,2026-09-07T23:27:17+02:00,2030,Tietz,ST,Mainz,15397960,406,321,203.0,20.8,11355,5678,1,fit,,,
1,2026-09-02T08:49:13+02:00,2038,Laimer,ABW,Bayern,32094718,107,107,107.0,3.3,5754,5754,3,fit,,,
2,2026-09-07T23:27:17+02:00,2038,Laimer,ABW,Bayern,32094718,236,129,118.0,4.0,11508,5754,3,fit,,,
1,2026-09-02T08:49:13+02:00,2065,Uduokhai,ABW,Union Berlin,5621973,0,0,0.0,0.0,0,0,2,fit,,,
2,2026-09-07T23:27:17+02:00,2065,Uduokhai,ABW,Union Berlin,5621973,70,70,35.0,12.5,5649,5649,2,fit,,,
1,2026-09-02T08:49:13+02:00,2068,Zagadou,ABW,Stuttgart,942519,0,0,0.0,0.0,0,0,5,verletzt,,,
2,2026-09-07T23:27:17+02:00,2068,Zagadou,ABW,Stuttgart,942519,0,0,0.0,0.0,0,0,5,verletzt,,,
1,2026-09-02T08:49:13+02:00,2069,Hübers,ABW,Köln,1098777,0,0,0.0,0.0,0,0,5,Aufbautraining,,,
2,2026-09-07T23:27:17+02:00,2069,Hübers,ABW,Köln,1098777,0,0,0.0,0.0,0,0,5,Aufbautraining,,,
1,2026-09-02T08:49:13+02:00,2074,Hack,MF,M'gladbach,8333796,12,12,12.0,1.4,2738,2738,3,fit,,,
2,2026-09-07T23:27:17+02:00,2074,Hack,MF,M'gladbach,8333796,-10,-22,-5.0,-2.6,5477,2739,3,fit,,,
1,2026-09-02T08:49:13+02:00,2084,Lienhart,ABW,Freiburg,13953339,127,127,127.0,9.1,4968,4968,2,fit,,,
2,2026-09-07T23:27:17+02:00,2084,Lienhart,ABW,Freiburg,13953339,221,94,110.5,6.7,9937,4969,2,fit,,,
1,2026-09-02T08:49:13+02:00,2120,Nartey,MF,Stuttgart,4300250,0,0,0.0,0.0,0,0,5,Aufbautraining,,,
2,2026-09-07T23:27:17+02:00,2120,Nartey,MF,Stuttgart,4300250,0,0,0.0,0.0,0,0,5,Aufbautraining,,,
1,2026-09-02T08:49:13+02:00,2125,Beste,MF,Freiburg,13844036,128,128,128.0,9.2,3643,3643,1,fit,,,
2,2026-09-07T23:27:17+02:00,2125,Beste,MF,Freiburg,13844036,214,86,107.0,6.2,7286,3643,1,fit,,,
1,2026-09-02T08:49:13+02:00,2126,Kühn,MF,M'gladbach,6159800,0,0,0.0,0.0,0,0,5,verletzt,,,
2,2026-09-07T23:27:17+02:00,2126,Kühn,MF,M'gladbach,6159800,21,21,10.5,3.4,1576,1576,5,verletzt,,,
1,2026-09-02T08:49:13+02:00,2141,Baku,ABW,Leipzig,20506650,233,233,233.0,11.4,5210,5210,2,fit,gekauft,21006852,
1,2026-09-02T08:49:13+02:00,2144,Koch,ABW,Frankfurt,24413362,132,132,132.0,5.4,5911,5911,1,fit,,,
2,2026-09-07T23:27:17+02:00,2144,Koch,ABW,Frankfurt,24413362,265,133,132.5,5.4,11823,5912,1,fit,,,
1,2026-09-02T08:49:13+02:00,2148,Meyer,TW,Dortmund,1496418,0,0,0.0,0.0,0,0,5,fit,,,
2,2026-09-07T23:27:17+02:00,2148,Meyer,TW,Dortmund,1496418,0,0,0.0,0.0,0,0,5,fit,,,
1,2026-09-02T08:49:13+02:00,2172,Führich,MF,Stuttgart,20799936,0,0,0.0,0.0,0,0,3,fit,,,
2,2026-09-07T23:27:17+02:00,2172,Führich,MF,Stuttgart,20799936,96,96,48.0,4.6,4251,4251,3,fit,,,
1,2026-09-02T08:49:13+02:00,2176,Höler,ST,Freiburg,4723150,37,37,37.0,7.8,1224,1224,5,fit,,,
2,2026-09-07T23:27:17+02:00,2176,Höler,ST,Freiburg,4723150,37,0,18.5,0.0,1224,0,5,fit,,,
1,2026-09-02T08:49:13+02:00,2195,Dahmen,TW,Augsburg,16459654,213,213,213.0,12.9,5655,5655,1,fit,,,
2,2026-09-07T23:27:17+02:00,2195,Dahmen,TW,Augsburg,16459654,389,176,194.5,10.7,11311,5656,1,fit,,,
1,2026-09-02T08:49:13+02:00,2199,Vagnoman,ABW,Stuttgart,9669213,73,73,73.0,7.5,5734,5734,3,fit,,,
2,2026-09-07T23:27:17+02:00,2199,Vagnoman,ABW,Stuttgart,9669213,383,310,191.5,32.1,11468,5734,3,fit,,,
1,2026-09-02T08:49:13+02:00,2201,Maina,ST,Köln,7797744,99,99,99.0,12.7,3173,3173,3,fit,,,
2,2026-09-07T23:27:17+02:00,2201,Maina,ST,Köln,7797744,131,32,65.5,4.1,6346,3173,3,fit,,,
1,2026-09-02T08:49:13+02:00,2214,Karazor,MF,Stuttgart,3620665,0,0,0.0,0.0,0,0,5,fit,,,
2,2026-09-07T23:27:17+02:00,2214,Karazor,MF,Stuttgart,3620665,0,0,0.0,0.0,0,0,5,fit,,,
1,2026-09-02T08:49:13+02:00,2232,Mwene,ABW,Mainz,11092164,71,71,71.0,6.4,5677,5677,1,fit,gekauft,11345679,
1,2026-09-02T08:49:13+02:00,2237,Bredlow,TW,Stuttgart,12636895,111,111,111.0,8.8,5734,5734,1,fit,,,
2,2026-09-07T23:27:17+02:00,2237,Bredlow,TW,Stuttgart,12636895,262,151,131.0,11.9,11468,5734,1,fit,,,
1,2026-09-02T08:49:13+02:00,2247,Sosa,ABW,Köln,5186864,0,0,0.0,0.0,0,0,5,fit,,,
2,2026-09-07T23:27:17+02:00,2247,Sosa,ABW,Köln,5186864,0,0,0.0,0.0,0,0,5,fit,,,
1,2026-09-02T08:49:13+02:00,2255,Burkardt,ST,Frankfurt,25263281,46,46,46.0,1.8,5043,5043,1,fit,,,
2,2026-09-07T23:27:17+02:00,2255,Burkardt,ST,Frankfurt,25263281,160,114,80.0,4.5,10087,5044,1,fit,,,
1,2026-09-02T08:49:13+02:00,2261,Neuhaus,MF,M'gladbach,3007200,0,0,0.0,0.0,0,0,5,fit,,,
2,2026-09-07T23:27:17+02:00,2261,Neuhaus,MF,M'gladbach,3007200,0,0,0.0,0.0,0,0,5,fit,,,
1,2026-09-02T08:49:13+02:00,2275,Baumgartner,MF,Leipzig,11395949,0,0,0.0,0.0,0,0,5,Aufbautraining,,,
2,2026-09-07T23:27:17+02:00,2275,Baumgartner,MF,Leipzig,11395949,0,0,0.0,0.0,0,0,5,Aufbautraining,,,
1,2026-09-02T08:49:13+02:00,2279,Rönnow,TW,Union Berlin,7996052,0,0,0.0,0.0,0,0,1,fit,,,
2,2026-09-07T23:27:17+02:00,2279,Rönnow,TW,Union Berlin,7996052,90,90,45.0,11.3,5649,5649,1,fit,,,
1,2026-09-02T08:49:13+02:00,2294,Pieper,ABW,Bremen,12084659,95,95,95.0,7.9,5837,5837,1,fit,,,
2,2026-09-07T23:27:17+02:00,2294,Pieper,ABW,Bremen,12084659,197,102,98.5,8.4,11674,5837,1,fit,,,
1,2026-09-02T08:49:13+02:00,2300,Stanišić,ABW,Bayern,17822477,43,43,43.0,2.4,1298,1298,3,fit,,,
2,2026-09-07T23:27:17+02:00,2300,Stanišić,ABW,Bayern,17822477,43,0,21.5,0.0,1298,0,3,fit,,,
1,2026-09-02T08:49:13+02:00,2301,Batista Meier,MF,Paderborn,4464519,0,0,0.0,0.0,0,0,4,fit,,,
2,2026-09-07T23:27:17+02:00,2301,Batista Meier,MF,Paderborn,4464519,-11,-11,-5.5,-2.5,1233,1233,4,fit,,,
2,2026-09-07T23:27:17+02:00,2302,Jeong,MF,Union Berlin,4679379,68,7,34.0,1.5,3876,1938,3,fit,,,
1,2026-09-02T08:49:13+02:00,2358,Krauß,MF,Köln,8520265,74,74,74.0,8.7,5440,5440,2,fit,,,
2,2026-09-07T23:27:17+02:00,2358,Krauß,MF,Köln,8520265,118,44,59.0,5.2,10881,5441,2,fit,,,
1,2026-09-02T08:49:13+02:00,2366,Davies,ABW,Bayern,14369784,153,153,153.0,10.6,5104,5104,3,fit,,,
2,2026-09-07T23:27:17+02:00,2366,Davies,ABW,Bayern,14369784,354,201,177.0,14.0,10209,5105,3,fit,,,
1,2026-09-02T08:49:13+02:00,237,Neuer,TW,Bayern,14761808,145,145,145.0,9.8,5754,5754,2,fit,,,
2,2026-09-07T23:27:17+02:00,237,Neuer,TW,Bayern,14761808,242,97,121.0,6.6,11508,5754,2,fit,,,
1,2026-09-02T08:49:13+02:00,2373,Kabak,ABW,Hoffenheim,23687075,201,201,201.0,8.5,5364,5364,1,fit,,,
2,2026-09-07T23:27:17+02:00,2373,Kabak,ABW,Hoffenheim,23687075,267,66,133.5,2.8,10729,5365,1,fit,,,
1,2026-09-02T08:49:13+02:00,2383,Schlotterbeck,ABW,Dortmund,24123311,0,0,0.0,0.0,0,0,4,Aufbautraining,,,
2,2026-09-07T23:27:17+02:00,2383,Schlotterbeck,ABW,Dortmund,24123311,0,0,0.0,0.0,0,0,4,Aufbautraining,,,
1,2026-09-02T08:49:13+02:00,2395,Ryerson,ABW,Dortmund,25364676,80,80,80.0,3.2,5258,5258,1,fit,,,
2,2026-09-07T23:27:17+02:00,2395,Ryerson,ABW,Dortmund,25364676,198,118,99.0,4.7,10516,5258,1,fit,,,
1,2026-09-02T08:49:13+02:00,2399,Maloney,MF,Mainz,2555912,0,0,0.0,0.0,0,0,5,fit,,,
2,2026-09-07T23:27:17+02:00,2399,Maloney,MF,Mainz,2555912,23,23,11.5,9.0,312,312,5,fit,,,
1,2026-09-02T08:49:13+02:00,2400,Trimmel,ABW,Union Berlin,2526648,0,0,0.0,0.0,0,0,4,fit,,,
2,2026-09-07T23:27:17+02:00,2400,Trimmel,ABW,Union Berlin,2526648,-6,-6,-3.0,-2.4,1194,1194,4,fit,,,
1,2026-09-02T08:49:13+02:00,2445,Funk,TW,Stuttgart,1975537,0,0,0.0,0.0,0,0,5,fit,,,
2,2026-09-07T23:27:17+02:00,2445,Funk,TW,Stuttgart,1975537,0,0,0.0,0.0,0,0,5,fit,,,
1,2026-09-02T08:49:13+02:00,2449,Hwang,ST,Schalke,4705993,0,0,0.0,0.0,0,0,5,fit,,,
2,2026-09-07T23:27:17+02:00,2449,Hwang,ST,Schalke,4705993,0,0,0.0,0.0,0,0,5,fit,,,
1,2026-09-02T08:49:13+02:00,2471,Schubert,TW,Paderborn,1787250,0,0,0.0,0.0,0,0,5,fit,,,
2,2026-09-07T23:27:17+02:00,2471,Schubert,TW,Paderborn,1787250,0,0,0.0,0.0,0,0,5,fit,,,
1,2026-09-02T08:49:13+02:00,2476,Lee,MF,Mainz,13184999,104,104,104.0,7.9,4698,4698,1,fit,,,
2,2026-09-07T23:27:17+02:00,2476,Lee,MF,Mainz,13184999,276,172,138.0,13.0,9397,4699,1,fit,,,
1,2026-09-02T08:49:13+02:00,2491,Skarke,MF,Union Berlin,5852452,140,140,140.0,23.9,1948,1948,3,fit,,,
2,2026-09-07T23:27:17+02:00,2491,Skarke,MF,Union Berlin,5852452,149,9,74.5,1.5,3896,1948,3,fit,,,
1,2026-09-02T08:49:13+02:00,2495,Boss,TW,Elversberg,1682615,0,0,0.0,0.0,0,0,5,fit,,,
2,2026-09-07T23:27:17+02:00,2495,Boss,TW,Elversberg,1682615,0,0,0.0,0.0,0,0,5,fit,,,
1,2026-09-02T08:49:13+02:00,2498,Baack,MF,Paderborn,2049445,12,12,12.0,5.9,1187,1187,5,fit,,,
2,2026-09-07T23:27:17+02:00,2498,Baack,MF,Paderborn,2049445,12,0,6.0,0.0,1187,0,5,fit,,,
1,2026-09-02T08:49:13+02:00,2536,Köbbing,TW,Köln,500000,0,0,0.0,0.0,0,0,5,fit,,,
2,2026-09-07T23:27:17+02:00,2536,Köbbing,TW,Köln,500000,0,0,0.0,0.0,0,0,5,fit,,,
1,2026-09-02T08:49:13+02:00,2552,Bülter,ST,Köln,5663453,19,19,19.0,3.4,774,774,4,fit,,,
2,2026-09-07T23:27:17+02:00,2552,Bülter,ST,Köln,5663453,33,14,16.5,2.5,1548,774,4,fit,,,
2,2026-09-07T23:27:17+02:00,2560,Sander,MF,M'gladbach,10019077,115,103,57.5,10.3,11691,5846,1,fit,,,
1,2026-09-02T08:49:13+02:00,2646,Becker,ST,Mainz,13477429,49,49,49.0,3.6,4099,4099,1,fit,,,
2,2026-09-07T23:27:17+02:00,2646,Becker,ST,Mainz,13477429,351,302,175.5,22.4,8198,4099,1,fit,,,
1,2026-09-02T08:49:13+02:00,2661,Diaby,ST,Leverkusen,25499629,0,0,0.0,0.0,0,0,3,fit,,,
2,2026-09-07T23:27:17+02:00,2661,Diaby,ST,Leverkusen,25499629,47,47,23.5,1.8,1570,1570,3,fit,,,
1,2026-09-02T08:49:13+02:00,2687,Nkunku,ST,Leipzig,25923037,111,111,111.0,4.3,3540,3540,2,fit,,,
2,2026-09-07T23:27:17+02:00,2687,Nkunku,ST,Leipzig,25923037,187,76,93.5,2.9,7080,3540,2,fit,,,
1,2026-09-02T08:49:13+02:00,2694,Stiller,MF,Stuttgart,32788536,25,25,25.0,0.8,5426,5426,1,fit,,,
2,2026-09-07T23:27:17+02:00,2694,Stiller,MF,Stuttgart,32788536,152,127,76.0,3.9,10853,5427,1,fit,,,
1,2026-09-02T08:49:13+02:00,2702,Martel,MF,Mainz,2556451,0,0,0.0,0.0,0,0,5,Aufbautraining,,,
2,2026-09-07T23:27:17+02:00,2702,Martel,MF,Mainz,2556451,0,0,0.0,0.0,0,0,5,Aufbautraining,,,
1,2026-09-02T08:49:13+02:00,2714,Beier,ST,Dortmund,22355617,165,165,165.0,7.4,5561,5561,2,fit,,,
2,2026-09-07T23:27:17+02:00,2714,Beier,ST,Dortmund,22355617,221,56,110.5,2.5,11123,5562,2,fit,,,
1,2026-09-02T08:49:13+02:00,2717,Skov,MF,Union Berlin,1440549,0,0,0.0,0.0,0,0,5,fit,,,
2,2026-09-07T23:27:17+02:00,2717,Skov,MF,Union Berlin,1440549,0,0,0.0,0.0,0,0,5,fit,,,
1,2026-09-02T08:49:13+02:00,2718,Skhiri,MF,Köln,7543532,46,46,46.0,6.1,2392,2392,3,fit,,,
2,2026-09-07T23:27:17+02:00,2718,Skhiri,MF,Köln,7543532,52,6,26.0,0.8,4784,2392,3,fit,,,
1,2026-09-02T08:49:13+02:00,2722,Osterhage,MF,Freiburg,2284985,0,0,0.0,0.0,0,0,5,angeschlagen,,,
2,2026-09-07T23:27:17+02:00,2722,Osterhage,MF,Freiburg,2284985,0,0,0.0,0.0,0,0,5,angeschlagen,,,
1,2026-09-02T08:49:13+02:00,2725,Bornauw,ABW,Hamburg,9451859,26,26,26.0,2.8,5715,5715,1,fit,,,
2,2026-09-07T23:27:17+02:00,2725,Bornauw,ABW,Hamburg,9451859,75,49,37.5,5.2,11430,5715,1,fit,,,
1,2026-09-02T08:49:13+02:00,2736,Bensebaini,ABW,Dortmund,15031660,0,0,0.0,0.0,0,0,3,angeschlagen,,,
2,2026-09-07T23:27:17+02:00,2736,Bensebaini,ABW,Dortmund,15031660,0,0,0.0,0.0,0,0,3,angeschlagen,,,
1,2026-09-02T08:49:13+02:00,2746,Schick,ST,Leverkusen,29969472,135,135,135.0,4.5,4985,4985,1,fit,,,
2,2026-09-07T23:27:17+02:00,2746,Schick,ST,Leverkusen,29969472,377,242,188.5,8.1,9970,4985,1,fit,,,
1,2026-09-02T08:49:13+02:00,2749,Tigges,ST,Paderborn,4171925,32,32,32.0,7.7,2309,2309,4,fit,,,
2,2026-09-07T23:27:17+02:00,2749,Tigges,ST,Paderborn,4171925,71,39,35.5,9.3,4618,2309,4,fit,,,
1,2026-09-02T08:49:13+02:00,2762,Becker,ABW,Schalke,8613546,23,23,23.0,2.7,5695,5695,1,fit,,,
2,2026-09-07T23:27:17+02:00,2762,Becker,ABW,Schalke,8613546,118,95,59.0,11.0,11390,5695,1,fit,,,
1,2026-09-02T08:49:13+02:00,2764,Keitel,MF,Augsburg,1700294,23,23,23.0,13.5,642,642,5,fit,,,
2,2026-09-07T23:27:17+02:00,2764,Keitel,MF,Augsburg,1700294,23,0,11.5,0.0,642,0,5,fit,,,
1,2026-09-02T08:49:13+02:00,2765,Thielmann,MF,Köln,6484446,82,82,82.0,12.6,4282,4282,4,fit,,,
2,2026-09-07T23:27:17+02:00,2765,Thielmann,MF,Köln,6484446,99,17,49.5,2.6,8564,4282,4,fit,,,
1,2026-09-02T08:49:13+02:00,2783,Tapsoba,ABW,Leverkusen,27579198,-26,-26,-26.0,-0.9,5771,5771,1,fit,,,
2,2026-09-07T23:27:17+02:00,2783,Tapsoba,ABW,Leverkusen,27579198,101,127,50.5,4.6,11543,5772,1,fit,,,
1,2026-09-02T08:49:13+02:00,2803,Lemperle,ST,Hoffenheim,11798982,0,0,0.0,0.0,0,0,1,angeschlagen,,,
2,2026-09-07T23:27:17+02:00,2803,Lemperle,ST,Hoffenheim,11798982,128,128,64.0,10.8,5210,5210,1,angeschlagen,,,
1,2026-09-02T08:49:13+02:00,2804,Musiala,MF,Bayern,24564592,0,0,0.0,0.0,0,0,3,fit,,,
2,2026-09-07T23:27:17+02:00,2804,Musiala,MF,Bayern,24564592,38,38,19.0,1.5,2235,2235,3,fit,,,
1,2026-09-02T08:49:13+02:00,2822,Silas,ST,Mainz,855587,0,0,0.0,0.0,0,0,5,verletzt,,,
2,2026-09-07T23:27:17+02:00,2822,Silas,ST,Mainz,855587,0,0,0.0,0.0,0,0,5,verletzt,,,
1,2026-09-02T08:49:13+02:00,2842,Agu,ABW,Bremen,1767486,0,0,0.0,0.0,0,0,5,Aufbautraining,,,
2,2026-09-07T23:27:17+02:00,2842,Agu,ABW,Bremen,1767486,0,0,0.0,0.0,0,0,5,Aufbautraining,,,
1,2026-09-02T08:49:13+02:00,2846,Tillman,MF,Leverkusen,15127318,74,74,74.0,4.9,4046,4046,3,fit,,,
2,2026-09-07T23:27:17+02:00,2846,Tillman,MF,Leverkusen,15127318,172,98,86.0,6.5,8092,4046,3,fit,,,
1,2026-09-02T08:49:13+02:00,2850,Olschowsky,TW,M'gladbach,500000,0,0,0.0,0.0,0,0,5,fit,,,
2,2026-09-07T23:27:17+02:00,2850,Olschowsky,TW,M'gladbach,500000,0,0,0.0,0.0,0,0,5,fit,,,
1,2026-09-02T08:49:13+02:00,2852,Philipp,TW,Hoffenheim,500000,0,0,0.0,0.0,0,0,5,fit,,,
2,2026-09-07T23:27:17+02:00,2852,Philipp,TW,Hoffenheim,500000,0,0,0.0,0.0,0,0,5,fit,,,
1,2026-09-02T08:49:13+02:00,2854,Demirović,ST,Stuttgart,16181075,-4,-4,-4.0,-0.2,1710,1710,3,fit,,,
2,2026-09-07T23:27:17+02:00,2854,Demirović,ST,Stuttgart,16181075,161,165,80.5,10.2,3421,1711,3,fit,,,
1,2026-09-02T08:49:13+02:00,2855,Ache,ST,Köln,14671842,91,91,91.0,6.2,4255,4255,1,fit,,,
2,2026-09-07T23:27:17+02:00,2855,Ache,ST,Köln,14671842,121,30,60.5,2.0,8510,4255,1,fit,,,
1,2026-09-02T08:49:13+02:00,2862,Castrop,MF,M'gladbach,1768859,0,0,0.0,0.0,0,0,5,verletzt,,,
2,2026-09-07T23:27:17+02:00,2862,Castrop,MF,M'gladbach,1768859,0,0,0.0,0.0,0,0,5,verletzt,,,
1,2026-09-02T08:49:13+02:00,2863,Knauff,MF,Frankfurt,3915953,0,0,0.0,0.0,0,0,5,verletzt,,,
2,2026-09-07T23:27:17+02:00,2863,Knauff,MF,Frankfurt,3915953,0,0,0.0,0.0,0,0,5,verletzt,,,
1,2026-09-02T08:49:13+02:00,2864,Collins,ABW,Frankfurt,5554126,0,0,0.0,0.0,0,0,5,Aufbautraining,,,
2,2026-09-07T23:27:17+02:00,2864,Collins,ABW,Frankfurt,5554126,0,0,0.0,0.0,0,0,5,Aufbautraining,,,
1,2026-09-02T08:49:13+02:00,2876,Schallenberg,MF,Schalke,3723833,-54,-54,-54.0,-14.5,3776,3776,5,gesperrt (Rot),,,
2,2026-09-07T23:27:17+02:00,2876,Schallenberg,MF,Schalke,3723833,-54,0,-27.0,0.0,3776,0,5,gesperrt (Rot),,,
1,2026-09-02T08:49:13+02:00,2887,Dōan,MF,Frankfurt,15659830,0,0,0.0,0.0,0,0,2,fit,,,
2,2026-09-07T23:27:17+02:00,2887,Dōan,MF,Frankfurt,15659830,70,70,35.0,4.5,5259,5259,2,fit,,,
1,2026-09-02T08:49:13+02:00,2895,Nebel,MF,Mainz,3729527,0,0,0.0,0.0,0,0,5,verletzt,,,
2,2026-09-07T23:27:17+02:00,2895,Nebel,MF,Mainz,3729527,0,0,0.0,0.0,0,0,5,verletzt,,,
1,2026-09-02T08:49:13+02:00,2897,Reitz,MF,Leipzig,11097098,208,208,208.0,18.7,5072,5072,5,verletzt,,,
2,2026-09-07T23:27:17+02:00,2897,Reitz,MF,Leipzig,11097098,208,0,104.0,0.0,5072,0,5,verletzt,,,
1,2026-09-02T08:49:13+02:00,2928,Petkov,MF,Elversberg,11636637,233,233,233.0,20.0,5869,5869,1,fit,,,
2,2026-09-07T23:27:17+02:00,2928,Petkov,MF,Elversberg,11636637,324,91,162.0,7.8,11739,5870,1,fit,,,
1,2026-09-02T08:49:13+02:00,2939,Dinkçi,MF,Bremen,5649661,-11,-11,-11.0,-1.9,2373,2373,1,fit,,,
2,2026-09-07T23:27:17+02:00,2939,Dinkçi,MF,Bremen,5649661,111,122,55.5,21.6,4747,2374,1,fit,,,
1,2026-09-02T08:49:13+02:00,2941,Scally,ABW,M'gladbach,5388943,-4,-4,-4.0,-0.7,2984,2984,2,fit,,,
2,2026-09-07T23:27:17+02:00,2941,Scally,ABW,M'gladbach,5388943,113,117,56.5,21.7,5969,2985,2,fit,,,
1,2026-09-02T08:49:13+02:00,2967,El-Faouzi,MF,Schalke,12583580,60,60,60.0,4.8,5695,5695,1,fit,,,
2,2026-09-07T23:27:17+02:00,2967,El-Faouzi,MF,Schalke,12583580,151,91,75.5,7.2,11390,5695,1,fit,,,
1,2026-09-02T08:49:13+02:00,2977,Noll,TW,Paderborn,13139206,111,111,111.0,8.4,5727,5727,1,fit,,,
2,2026-09-07T23:27:17+02:00,2977,Noll,TW,Paderborn,13139206,224,113,112.0,8.6,11454,5727,1,fit,,,
1,2026-09-02T08:49:13+02:00,2988,Leweling,MF,Stuttgart,20046155,-3,-3,-3.0,-0.1,1717,1717,3,fit,,,
2,2026-09-07T23:27:17+02:00,2988,Leweling,MF,Stuttgart,20046155,18,21,9.0,1.0,3435,1718,3,fit,,,
1,2026-09-02T08:49:13+02:00,3019,Atubolu,TW,Frankfurt,13253537,130,130,130.0,9.8,5911,5911,1,fit,gekauft,13100025,
1,2026-09-02T08:49:13+02:00,3026,Günther,ABW,Elversberg,8383742,74,74,74.0,8.8,5244,5244,2,fit,,,
2,2026-09-07T23:27:17+02:00,3026,Günther,ABW,Elversberg,8383742,128,54,64.0,6.4,10489,5245,2,fit,,,
1,2026-09-02T08:49:13+02:00,3027,Pieringer,ST,Paderborn,4209319,64,64,64.0,15.2,5266,5266,1,fit,,,
2,2026-09-07T23:27:17+02:00,3027,Pieringer,ST,Paderborn,4209319,65,1,32.5,0.2,10532,5266,1,fit,,,
1,2026-09-02T08:49:13+02:00,3029,Ljubičić,MF,Schalke,7539104,43,43,43.0,5.7,5105,5105,2,fit,,,
2,2026-09-07T23:27:17+02:00,3029,Ljubičić,MF,Schalke,7539104,70,27,35.0,3.6,10211,5106,2,fit,,,
1,2026-09-02T08:49:13+02:00,3041,Widmer,ABW,Mainz,2207000,29,29,29.0,13.1,1324,1324,5,angeschlagen,,,
2,2026-09-07T23:27:17+02:00,3041,Widmer,ABW,Mainz,2207000,29,0,14.5,0.0,1324,0,5,angeschlagen,,,
1,2026-09-02T08:49:13+02:00,3063,Chiarodia,ABW,M'gladbach,3308532,0,0,0.0,0.0,0,0,5,fit,,,
2,2026-09-07T23:27:17+02:00,3063,Chiarodia,ABW,M'gladbach,3308532,0,0,0.0,0.0,0,0,5,fit,,,
1,2026-09-02T08:49:13+02:00,3069,Nmecha,MF,Dortmund,28176077,123,123,123.0,4.4,3746,3746,3,fit,,,
2,2026-09-07T23:27:17+02:00,3069,Nmecha,MF,Dortmund,28176077,174,51,87.0,1.8,7492,3746,3,fit,,,
1,2026-09-02T08:49:13+02:00,3072,Urbig,TW,Bayern,4760540,0,0,0.0,0.0,0,0,4,fit,,,
2,2026-09-07T23:27:17+02:00,3072,Urbig,TW,Bayern,4760540,0,0,0.0,0.0,0,0,4,fit,,,
1,2026-09-02T08:49:13+02:00,3081,Vidović,MF,Paderborn,7769697,72,72,72.0,9.3,5727,5727,1,fit,,,
2,2026-09-07T23:27:17+02:00,3081,Vidović,MF,Paderborn,7769697,74,2,37.0,0.3,11454,5727,1,fit,,,
1,2026-09-02T08:49:13+02:00,3089,Ito,ABW,Bayern,4099926,0,0,0.0,0.0,0,0,5,fit,,,
2,2026-09-07T23:27:17+02:00,3089,Ito,ABW,Bayern,4099926,0,0,0.0,0.0,0,0,5,fit,,,
2,2026-09-07T23:27:17+02:00,3102,Rothe,ABW,Union Berlin,9593032,103,25,51.5,2.6,11810,5905,1,fit,,,
1,2026-09-02T08:49:13+02:00,3120,Bischof,MF,Bayern,18275995,40,40,40.0,2.2,933,933,4,fit,,,
2,2026-09-07T23:27:17+02:00,3120,Bischof,MF,Bayern,18275995,88,48,44.0,2.6,1866,933,4,fit,,,
1,2026-09-02T08:49:13+02:00,3124,Wimmer,MF,Hoffenheim,9516310,76,76,76.0,8.0,4447,4447,3,fit,,,
2,2026-09-07T23:27:17+02:00,3124,Wimmer,MF,Hoffenheim,9516310,88,12,44.0,1.3,8894,4447,3,fit,,,
1,2026-09-02T08:49:13+02:00,3129,Itakura,ABW,M'gladbach,10969977,34,34,34.0,3.1,5845,5845,2,fit,,,
2,2026-09-07T23:27:17+02:00,3129,Itakura,ABW,M'gladbach,10969977,69,35,34.5,3.2,11691,5846,2,fit,,,
1,2026-09-02T08:49:13+02:00,3139,Itten,ST,Bremen,4013603,14,14,14.0,3.5,1650,1650,5,fit,,,
2,2026-09-07T23:27:17+02:00,3139,Itten,ST,Bremen,4013603,35,21,17.5,5.2,3301,1651,5,fit,,,
1,2026-09-02T08:49:13+02:00,3143,Jakić,MF,Augsburg,3827193,0,0,0.0,0.0,0,0,5,fit,,,
2,2026-09-07T23:27:17+02:00,3143,Jakić,MF,Augsburg,3827193,0,0,0.0,0.0,0,0,5,fit,,,
1,2026-09-02T08:49:13+02:00,3158,Asllani,ST,Hoffenheim,17420565,0,0,0.0,0.0,0,0,5,angeschlagen,,,
2,2026-09-07T23:27:17+02:00,3158,Asllani,ST,Hoffenheim,17420565,0,0,0.0,0.0,0,0,5,angeschlagen,,,
1,2026-09-02T08:49:13+02:00,3166,Topp,ST,Bremen,500000,0,0,0.0,0.0,0,0,5,verletzt,,,
2,2026-09-07T23:27:17+02:00,3166,Topp,ST,Bremen,500000,0,0,0.0,0.0,0,0,5,verletzt,,,
1,2026-09-02T08:49:13+02:00,3176,Ibrahimović,MF,Augsburg,6254218,0,0,0.0,0.0,0,0,3,fit,,,
2,2026-09-07T23:27:17+02:00,3176,Ibrahimović,MF,Augsburg,6254218,181,181,90.5,28.9,3743,3743,3,fit,,,
1,2026-09-02T08:49:13+02:00,3187,Schäfer,MF,Union Berlin,4237588,37,37,37.0,8.7,2483,2483,3,fit,,,
2,2026-09-07T23:27:17+02:00,3187,Schäfer,MF,Union Berlin,4237588,29,-8,14.5,-1.9,4966,2483,3,fit,,,
1,2026-09-02T08:49:13+02:00,3190,Chabot,ABW,Stuttgart,22906280,17,17,17.0,0.7,5094,5094,2,fit,,,
2,2026-09-07T23:27:17+02:00,3190,Chabot,ABW,Stuttgart,22906280,187,170,93.5,7.4,10189,5095,2,fit,,,
1,2026-09-02T08:49:13+02:00,3193,Tiago Tomás,ST,Stuttgart,7748495,35,35,35.0,4.5,3780,3780,5,verletzt,,,
2,2026-09-07T23:27:17+02:00,3193,Tiago Tomás,ST,Stuttgart,7748495,35,0,17.5,0.0,3780,0,5,verletzt,,,
1,2026-09-02T08:49:13+02:00,32,Karius,TW,Schalke,16655103,142,142,142.0,8.5,5695,5695,1,fit,,,
2,2026-09-07T23:27:17+02:00,32,Karius,TW,Schalke,16655103,265,123,132.5,7.4,11390,5695,1,fit,,,
1,2026-09-02T08:49:13+02:00,3204,Conté,ST,Hoffenheim,9856162,106,106,106.0,10.8,3584,3584,3,fit,,,
2,2026-09-07T23:27:17+02:00,3204,Conté,ST,Hoffenheim,9856162,94,-12,47.0,-1.2,7169,3585,3,fit,,,
1,2026-09-02T08:49:13+02:00,3209,Engelhardt,MF,Freiburg,11781175,71,71,71.0,6.0,5324,5324,1,fit,,,
2,2026-09-07T23:27:17+02:00,3209,Engelhardt,MF,Freiburg,11781175,125,54,62.5,4.6,10648,5324,1,fit,,,
1,2026-09-02T08:49:13+02:00,3218,Backhaus,TW,Freiburg,15105739,71,71,71.0,4.7,5714,5714,1,fit,,,
2,2026-09-07T23:27:17+02:00,3218,Backhaus,TW,Freiburg,15105739,210,139,105.0,9.2,11429,5715,1,fit,,,
1,2026-09-02T08:49:13+02:00,3228,Njinmah,ST,Bremen,4704334,2,2,2.0,0.4,3750,3750,5,verletzt,,,
2,2026-09-07T23:27:17+02:00,3228,Njinmah,ST,Bremen,4704334,2,0,1.0,0.0,3750,0,5,verletzt,,,
1,2026-09-02T08:49:13+02:00,3232,Pfeiffer,ST,Elversberg,1630777,0,0,0.0,0.0,0,0,5,fit,,,
2,2026-09-07T23:27:17+02:00,3232,Pfeiffer,ST,Elversberg,1630777,0,0,0.0,0.0,0,0,5,fit,,,
1,2026-09-02T08:49:13+02:00,3277,Muheim,ABW,Hamburg,4341970,0,0,0.0,0.0,0,0,4,fit,,,
2,2026-09-07T23:27:17+02:00,3277,Muheim,ABW,Hamburg,4341970,0,0,0.0,0.0,0,0,4,fit,,,
1,2026-09-02T08:49:13+02:00,3281,Reis,MF,Bremen,9186339,29,29,29.0,3.2,5562,5562,2,fit,,,
2,2026-09-07T23:27:17+02:00,3281,Reis,MF,Bremen,9186339,126,97,63.0,10.6,11125,5563,2,fit,,,
1,2026-09-02T08:49:13+02:00,3284,Rohr,ABW,Elversberg,10315645,87,87,87.0,8.4,5442,5442,1,fit,,,
2,2026-09-07T23:27:17+02:00,3284,Rohr,ABW,Elversberg,10315645,202,115,101.0,11.1,10884,5442,1,fit,,,
1,2026-09-02T08:49:13+02:00,3304,Matanović,ST,Freiburg,21634664,291,291,291.0,13.5,5102,5102,1,fit,,,
2,2026-09-07T23:27:17+02:00,3304,Matanović,ST,Freiburg,21634664,487,196,243.5,9.1,10204,5102,1,fit,,,
1,2026-09-02T08:49:13+02:00,3307,Bachmann,MF,Schalke,1449754,0,0,0.0,0.0,0,0,5,fit,,,
2,2026-09-07T23:27:17+02:00,3307,Bachmann,MF,Schalke,1449754,0,0,0.0,0.0,0,0,5,fit,,,
1,2026-09-02T08:49:13+02:00,3318,Königsdörffer,ST,Mainz,4720526,17,17,17.0,3.6,1580,1580,5,fit,,,
2,2026-09-07T23:27:17+02:00,3318,Königsdörffer,ST,Mainz,4720526,149,132,74.5,28.0,3160,1580,5,fit,,,
1,2026-09-02T08:49:13+02:00,3336,Marino,ST,Paderborn,5145032,35,35,35.0,6.8,2410,2410,4,fit,,,
2,2026-09-07T23:27:17+02:00,3336,Marino,ST,Paderborn,5145032,31,-4,15.5,-0.8,4820,2410,4,fit,,,
1,2026-09-02T08:49:13+02:00,3350,Keidel,ABW,Elversberg,8809838,66,66,66.0,7.5,5869,5869,1,fit,,,
2,2026-09-07T23:27:17+02:00,3350,Keidel,ABW,Elversberg,8809838,250,184,125.0,20.9,11739,5870,1,fit,,,
1,2026-09-02T08:49:13+02:00,3364,Klaus,TW,Union Berlin,3060245,0,0,0.0,0.0,0,0,5,fit,,,
2,2026-09-07T23:27:17+02:00,3364,Klaus,TW,Union Berlin,3060245,0,0,0.0,0.0,0,0,5,fit,,,
1,2026-09-02T08:49:13+02:00,3419,Raab,TW,Union Berlin,5176132,9,9,9.0,1.7,6161,6161,5,fit,,,
2,2026-09-07T23:27:17+02:00,3419,Raab,TW,Union Berlin,5176132,9,0,4.5,0.0,6161,0,5,fit,,,
1,2026-09-02T08:49:13+02:00,3450,Kolke,TW,Bremen,500000,0,0,0.0,0.0,0,0,5,fit,,,
2,2026-09-07T23:27:17+02:00,3450,Kolke,TW,Bremen,500000,0,0,0.0,0.0,0,0,5,fit,,,
1,2026-09-02T08:49:13+02:00,3453,Köhn,ABW,Union Berlin,1928268,19,19,19.0,9.9,811,811,5,fit,,,
2,2026-09-07T23:27:17+02:00,3453,Köhn,ABW,Union Berlin,1928268,19,0,9.5,0.0,811,0,5,fit,,,
1,2026-09-02T08:49:13+02:00,3471,Hložek,ST,Hoffenheim,8930670,47,47,47.0,5.3,3929,3929,3,fit,,,
2,2026-09-07T23:27:17+02:00,3471,Hložek,ST,Hoffenheim,8930670,66,19,33.0,2.1,7858,3929,3,fit,,,
1,2026-09-02T08:49:13+02:00,3481,Stage,MF,Bremen,13592273,0,0,0.0,0.0,0,0,5,verletzt,,,
2,2026-09-07T23:27:17+02:00,3481,Stage,MF,Bremen,13592273,0,0,0.0,0.0,0,0,5,verletzt,,,
1,2026-09-02T08:49:13+02:00,3491,Klaas,MF,Paderborn,1870117,0,0,0.0,0.0,0,0,5,fit,,,
2,2026-09-07T23:27:17+02:00,3491,Klaas,MF,Paderborn,1870117,0,0,0.0,0.0,0,0,5,fit,,,
1,2026-09-02T08:49:13+02:00,3492,Hoffmeier,ABW,Paderborn,3635944,0,0,0.0,0.0,0,0,5,fit,,,
2,2026-09-07T23:27:17+02:00,3492,Hoffmeier,ABW,Paderborn,3635944,0,0,0.0,0.0,0,0,5,fit,,,
1,2026-09-02T08:49:13+02:00,3516,Leopold,MF,M'gladbach,4768714,0,0,0.0,0.0,0,0,5,verletzt,,,
2,2026-09-07T23:27:17+02:00,3516,Leopold,MF,M'gladbach,4768714,0,0,0.0,0.0,0,0,5,verletzt,,,
1,2026-09-02T08:49:13+02:00,3543,Brown,ABW,Bayern,28221657,60,60,60.0,2.1,3263,3263,3,fit,,,
2,2026-09-07T23:27:17+02:00,3543,Brown,ABW,Bayern,28221657,136,76,68.0,2.7,6526,3263,3,fit,,,
1,2026-09-02T08:49:13+02:00,3559,Ulrich,MF,Paderborn,7328918,44,44,44.0,6.0,4516,4516,2,fit,,,
2,2026-09-07T23:27:17+02:00,3559,Ulrich,MF,Paderborn,7328918,123,79,61.5,10.8,9033,4517,2,fit,,,
1,2026-09-02T08:49:13+02:00,357,Grahl,TW,Frankfurt,500000,0,0,0.0,0.0,0,0,5,fit,,,
2,2026-09-07T23:27:17+02:00,357,Grahl,TW,Frankfurt,500000,0,0,0.0,0.0,0,0,5,fit,,,
1,2026-09-02T08:49:13+02:00,3754,Vázquez,ABW,Leverkusen,6742415,-6,-6,-6.0,-0.9,2015,2015,4,fit,,,
2,2026-09-07T23:27:17+02:00,3754,Vázquez,ABW,Leverkusen,6742415,22,28,11.0,4.2,4031,2016,4,fit,,,
1,2026-09-02T08:49:13+02:00,3759,Gutiérrez,ABW,Leverkusen,22456528,117,117,117.0,5.2,5455,5455,1,fit,,,
2,2026-09-07T23:27:17+02:00,3759,Gutiérrez,ABW,Leverkusen,22456528,397,280,198.5,12.5,10910,5455,1,fit,,,
1,2026-09-02T08:49:13+02:00,383,Ulreich,TW,Bayern,500000,0,0,0.0,0.0,0,0,5,fit,,,
2,2026-09-07T23:27:17+02:00,383,Ulreich,TW,Bayern,500000,0,0,0.0,0.0,0,0,5,fit,,,
1,2026-09-02T08:49:13+02:00,4,Blaswich,TW,Leverkusen,1986201,0,0,0.0,0.0,0,0,5,fit,,,
2,2026-09-07T23:27:17+02:00,4,Blaswich,TW,Leverkusen,1986201,0,0,0.0,0.0,0,0,5,fit,,,
1,2026-09-02T08:49:13+02:00,417,Zieler,TW,Köln,500000,0,0,0.0,0.0,0,0,5,fit,,,
2,2026-09-07T23:27:17+02:00,417,Zieler,TW,Köln,500000,0,0,0.0,0.0,0,0,5,fit,,,
1,2026-09-02T08:49:13+02:00,4292,Herold,ABW,M'gladbach,3788027,5,5,5.0,1.3,1411,1411,3,fit,,,
2,2026-09-07T23:27:17+02:00,4292,Herold,ABW,M'gladbach,3788027,14,9,7.0,2.4,2822,1411,3,fit,,,
1,2026-09-02T08:49:13+02:00,4296,Pejčinović,ST,Stuttgart,11569710,-6,-6,-6.0,-0.5,4745,4745,3,fit,,,
2,2026-09-07T23:27:17+02:00,4296,Pejčinović,ST,Stuttgart,11569710,87,93,43.5,8.0,9491,4746,3,fit,,,
1,2026-09-02T08:49:13+02:00,43,Weiser,ABW,Bremen,4643827,0,0,0.0,0.0,0,0,5,angeschlagen,,,
2,2026-09-07T23:27:17+02:00,43,Weiser,ABW,Bremen,4643827,0,0,0.0,0.0,0,0,5,angeschlagen,,,
1,2026-09-02T08:49:13+02:00,4318,Oermann,ABW,Leverkusen,2814600,0,0,0.0,0.0,0,0,5,fit,,,
2,2026-09-07T23:27:17+02:00,4318,Oermann,ABW,Leverkusen,2814600,0,0,0.0,0.0,0,0,5,fit,,,
1,2026-09-02T08:49:13+02:00,4333,Ullrich,ABW,M'gladbach,6462854,17,17,17.0,2.6,4432,4432,3,fit,,,
2,2026-09-07T23:27:17+02:00,4333,Ullrich,ABW,M'gladbach,6462854,80,63,40.0,9.7,8864,4432,3,fit,,,
1,2026-09-02T08:49:13+02:00,4335,Scherhant,MF,Freiburg,10573914,144,144,144.0,13.6,5090,5090,3,fit,,,
2,2026-09-07T23:27:17+02:00,4335,Scherhant,MF,Freiburg,10573914,266,122,133.0,11.5,10181,5091,3,fit,,,
1,2026-09-02T08:49:13+02:00,4352,Nsoki,ABW,Union Berlin,1753753,0,0,0.0,0.0,0,0,5,verletzt,,,
2,2026-09-07T23:27:17+02:00,4352,Nsoki,ABW,Union Berlin,1753753,0,0,0.0,0.0,0,0,5,verletzt,,,
1,2026-09-02T08:49:13+02:00,4406,Dina Ebimbe,MF,Schalke,4953194,-19,-19,-19.0,-3.8,2963,2963,3,fit,,,
2,2026-09-07T23:27:17+02:00,4406,Dina Ebimbe,MF,Schalke,4953194,10,29,5.0,5.9,5926,2963,3,fit,,,
1,2026-09-02T08:49:13+02:00,4446,Kemlein,MF,Union Berlin,7725175,56,56,56.0,7.2,4407,4407,2,fit,,,
2,2026-09-07T23:27:17+02:00,4446,Kemlein,MF,Union Berlin,7725175,67,11,33.5,1.4,8815,4408,2,fit,,,
1,2026-09-02T08:49:13+02:00,4563,Badé,ABW,Leverkusen,10353604,30,30,30.0,2.9,2382,2382,4,fit,,,
2,2026-09-07T23:27:17+02:00,4563,Badé,ABW,Leverkusen,10353604,70,40,35.0,3.9,4765,2383,4,fit,,,
1,2026-09-02T08:49:13+02:00,4589,Diehl,ST,Stuttgart,635289,0,0,0.0,0.0,0,0,5,verletzt,,,
2,2026-09-07T23:27:17+02:00,4589,Diehl,ST,Stuttgart,635289,0,0,0.0,0.0,0,0,5,verletzt,,,
1,2026-09-02T08:49:13+02:00,4598,Juranović,ABW,Union Berlin,10867112,216,216,216.0,19.9,5307,5307,2,fit,,,
2,2026-09-07T23:27:17+02:00,4598,Juranović,ABW,Union Berlin,10867112,228,12,114.0,1.1,10615,5308,2,fit,,,
1,2026-09-02T08:49:13+02:00,4606,Kuruçay,ABW,Schalke,8728046,23,23,23.0,2.6,4145,4145,1,fit,,,
2,2026-09-07T23:27:17+02:00,4606,Kuruçay,ABW,Schalke,8728046,131,108,65.5,12.4,8290,4145,1,fit,,,
1,2026-09-02T08:49:13+02:00,461,Chandler,ABW,Frankfurt,1051501,0,0,0.0,0.0,0,0,5,fit,,,
2,2026-09-07T23:27:17+02:00,461,Chandler,ABW,Frankfurt,1051501,-9,-9,-4.5,-8.6,1457,1457,5,fit,,,
1,2026-09-02T08:49:13+02:00,4654,Kömür,MF,Augsburg,4405630,43,43,43.0,9.8,1490,1490,4,fit,,,
2,2026-09-07T23:27:17+02:00,4654,Kömür,MF,Augsburg,4405630,100,57,50.0,12.9,2980,1490,4,fit,,,
1,2026-09-02T08:49:13+02:00,49,Ginter,ABW,Freiburg,26784114,194,194,194.0,7.2,5714,5714,1,fit,,,
2,2026-09-07T23:27:17+02:00,49,Ginter,ABW,Freiburg,26784114,342,148,171.0,5.5,11429,5715,1,fit,,,
1,2026-09-02T08:49:13+02:00,493,Gregoritsch,ST,Augsburg,12558928,195,195,195.0,15.5,4673,4673,1,fit,,,
2,2026-09-07T23:27:17+02:00,493,Gregoritsch,ST,Augsburg,12558928,276,81,138.0,6.4,9346,4673,1,fit,,,
1,2026-09-02T08:49:13+02:00,51,Khedira,MF,Union Berlin,7151127,51,51,51.0,7.1,5905,5905,1,fit,,,
2,2026-09-07T23:27:17+02:00,51,Khedira,MF,Union Berlin,7151127,65,14,32.5,2.0,11810,5905,1,fit,,,
1,2026-09-02T08:49:13+02:00,513,Götze,MF,Frankfurt,4046488,0,0,0.0,0.0,0,0,3,fit,,,
2,2026-09-07T23:27:17+02:00,513,Götze,MF,Frankfurt,4046488,56,56,28.0,13.8,4200,4200,3,fit,,,
1,2026-09-02T08:49:13+02:00,524,Baumann,TW,Hoffenheim,16668635,129,129,129.0,7.7,5878,5878,1,fit,,,
2,2026-09-07T23:27:17+02:00,524,Baumann,TW,Hoffenheim,16668635,203,74,101.5,4.4,11756,5878,1,fit,,,
1,2026-09-02T08:49:13+02:00,54,Can,ABW,Dortmund,1745964,0,0,0.0,0.0,0,0,5,verletzt,,,
2,2026-09-07T23:27:17+02:00,54,Can,ABW,Dortmund,1745964,0,0,0.0,0.0,0,0,5,verletzt,,,
1,2026-09-02T08:49:13+02:00,550,Bell,ABW,Mainz,888248,0,0,0.0,0.0,0,0,5,fit,,,
2,2026-09-07T23:27:17+02:00,550,Bell,ABW,Mainz,888248,0,0,0.0,0.0,0,0,5,fit,,,
1,2026-09-02T08:49:13+02:00,577,Batz,TW,M'gladbach,500000,0,0,0.0,0.0,0,0,5,fit,,,
2,2026-09-07T23:27:17+02:00,577,Batz,TW,M'gladbach,500000,0,0,0.0,0.0,0,0,5,fit,,,
1,2026-09-02T08:49:13+02:00,60,Kohr,ABW,Mainz,6286496,96,96,96.0,15.3,4824,4824,5,verletzt,,,
2,2026-09-07T23:27:17+02:00,60,Kohr,ABW,Mainz,6286496,96,0,48.0,0.0,4824,0,5,verletzt,,,
1,2026-09-02T08:49:13+02:00,6061,Maza,MF,Leverkusen,30396658,107,107,107.0,3.5,5771,5771,1,fit,,,
2,2026-09-07T23:27:17+02:00,6061,Maza,MF,Leverkusen,30396658,426,319,213.0,10.5,11543,5772,1,fit,,,
1,2026-09-02T08:49:13+02:00,6080,Pavlović,MF,Bayern,33544919,256,256,256.0,7.6,4820,4820,2,fit,,,
2,2026-09-07T23:27:17+02:00,6080,Pavlović,MF,Bayern,33544919,426,170,213.0,5.1,9640,4820,2,fit,,,
1,2026-09-02T08:49:13+02:00,6081,Uzun,MF,Frankfurt,28296380,65,65,65.0,2.3,4709,4709,1,fit,,,
2,2026-09-07T23:27:17+02:00,6081,Uzun,MF,Frankfurt,28296380,124,59,62.0,2.1,9419,4710,1,fit,,,
1,2026-09-02T08:49:13+02:00,6085,Seimen,TW,Stuttgart,5902773,0,0,0.0,0.0,0,0,5,Aufbautraining,,,
2,2026-09-07T23:27:17+02:00,6085,Seimen,TW,Stuttgart,5902773,0,0,0.0,0.0,0,0,5,Aufbautraining,,,
1,2026-09-02T08:49:13+02:00,6104,Guiu,ST,Leipzig,9928072,0,0,0.0,0.0,0,0,3,fit,,,
2,2026-09-07T23:27:17+02:00,6104,Guiu,ST,Leipzig,9928072,-13,-13,-6.5,-1.3,1327,1327,3,fit,,,
1,2026-09-02T08:49:13+02:00,6111,Hollerbach,ST,Mainz,2279913,0,0,0.0,0.0,0,0,5,fit,,,
2,2026-09-07T23:27:17+02:00,6111,Hollerbach,ST,Mainz,2279913,0,0,0.0,0.0,0,0,5,fit,,,
1,2026-09-02T08:49:13+02:00,6148,Pinckert,ABW,Elversberg,10211184,112,112,112.0,11.0,5869,5869,1,fit,,,
2,2026-09-07T23:27:17+02:00,6148,Pinckert,ABW,Elversberg,10211184,272,160,136.0,15.7,11739,5870,1,fit,,,
1,2026-09-02T08:49:13+02:00,6149,Lehmann,TW,Elversberg,500000,0,0,0.0,0.0,0,0,5,fit,,,
2,2026-09-07T23:27:17+02:00,6149,Lehmann,TW,Elversberg,500000,0,0,0.0,0.0,0,0,5,fit,,,
1,2026-09-02T08:49:13+02:00,6158,Schnellbacher,ST,Elversberg,4014351,15,15,15.0,3.7,1273,1273,5,fit,,,
2,2026-09-07T23:27:17+02:00,6158,Schnellbacher,ST,Elversberg,4014351,15,0,7.5,0.0,1273,0,5,fit,,,
1,2026-09-02T08:49:13+02:00,6160,Kristof,TW,Elversberg,12001237,83,83,83.0,6.9,5869,5869,1,fit,,,
2,2026-09-07T23:27:17+02:00,6160,Kristof,TW,Elversberg,12001237,188,105,94.0,8.7,11739,5870,1,fit,,,
1,2026-09-02T08:49:13+02:00,6168,Fellhauer,MF,Augsburg,9765535,58,58,58.0,5.9,4161,4161,2,fit,,,
2,2026-09-07T23:27:17+02:00,6168,Fellhauer,MF,Augsburg,9765535,207,149,103.5,15.3,8323,4162,2,fit,,,
1,2026-09-02T08:49:13+02:00,6172,Adamu,ST,Schalke,5754566,24,24,24.0,4.2,3727,3727,4,fit,,,
2,2026-09-07T23:27:17+02:00,6172,Adamu,ST,Schalke,5754566,24,0,12.0,0.0,3727,0,4,fit,,,
1,2026-09-02T08:49:13+02:00,6174,Arthur,ABW,Bremen,6107830,0,0,0.0,0.0,0,0,1,fit,,,
2,2026-09-07T23:27:17+02:00,6174,Arthur,ABW,Bremen,6107830,49,49,24.5,8.0,4193,4193,1,fit,,,
1,2026-09-02T08:49:13+02:00,6176,Seiwald,MF,Leipzig,18983076,109,109,109.0,5.7,5907,5907,1,fit,,,
2,2026-09-07T23:27:17+02:00,6176,Seiwald,MF,Leipzig,18983076,164,55,82.0,2.9,11814,5907,1,fit,,,
1,2026-09-02T08:49:13+02:00,6183,Futkeu,ST,Elversberg,6825624,0,0,0.0,0.0,0,0,5,fit,,,
2,2026-09-07T23:27:17+02:00,6183,Futkeu,ST,Elversberg,6825624,122,122,61.0,17.9,1252,1252,5,fit,,,
1,2026-09-02T08:49:13+02:00,619,Stöger,MF,M'gladbach,8291989,-2,-2,-2.0,-0.2,3907,3907,3,fit,,,
2,2026-09-07T23:27:17+02:00,619,Stöger,MF,M'gladbach,8291989,-2,0,-1.0,0.0,3907,0,3,fit,,,
1,2026-09-02T08:49:13+02:00,6197,Curda,ABW,Paderborn,10743634,187,187,187.0,17.4,5727,5727,1,fit,,,
2,2026-09-07T23:27:17+02:00,6197,Curda,ABW,Paderborn,10743634,202,15,101.0,1.4,11454,5727,1,fit,,,
1,2026-09-02T08:49:13+02:00,6199,Machino,ST,M'gladbach,2882792,0,0,0.0,0.0,0,0,5,fit,,,
2,2026-09-07T23:27:17+02:00,6199,Machino,ST,M'gladbach,2882792,0,0,0.0,0.0,0,0,5,fit,,,
1,2026-09-02T08:49:13+02:00,620,Schwolow,TW,Mainz,2810992,0,0,0.0,0.0,0,0,3,fit,,,
2,2026-09-07T23:27:17+02:00,620,Schwolow,TW,Mainz,2810992,151,151,75.5,53.7,5624,5624,3,fit,,,
1,2026-09-02T08:49:13+02:00,6201,Remberg,MF,Hamburg,9546520,47,47,47.0,4.9,5715,5715,1,fit,,,
2,2026-09-07T23:27:17+02:00,6201,Remberg,MF,Hamburg,9546520,42,-5,21.0,-0.5,11430,5715,1,fit,,,
1,2026-09-02T08:49:13+02:00,6209,Treu,ABW,Freiburg,10129810,31,31,31.0,3.1,3604,3604,2,fit,gekauft,10100030,
1,2026-09-02T08:49:13+02:00,6217,Philippe,ST,Paderborn,3177908,-1,-1,-1.0,-0.3,1553,1553,2,fit,,,
2,2026-09-07T23:27:17+02:00,6217,Philippe,ST,Paderborn,3177908,26,27,13.0,8.5,3106,1553,2,fit,,,
1,2026-09-02T08:49:13+02:00,6292,Hansen,ABW,Paderborn,5632011,64,64,64.0,11.4,4965,4965,2,fit,,,
2,2026-09-07T23:27:17+02:00,6292,Hansen,ABW,Paderborn,5632011,116,52,58.0,9.2,9931,4966,2,fit,,,
1,2026-09-02T08:49:13+02:00,6300,Ouédraogo,MF,Leipzig,8979149,0,0,0.0,0.0,0,0,5,fit,,,
2,2026-09-07T23:27:17+02:00,6300,Ouédraogo,MF,Leipzig,8979149,0,0,0.0,0.0,0,0,5,fit,,,
1,2026-09-02T08:49:13+02:00,6319,Honorat,MF,M'gladbach,10220878,75,75,75.0,7.3,3103,3103,2,fit,,,
2,2026-09-07T23:27:17+02:00,6319,Honorat,MF,M'gladbach,10220878,217,142,108.5,13.9,6207,3104,2,fit,,,
1,2026-09-02T08:49:13+02:00,663,Andrich,ABW,Leverkusen,4081877,0,0,0.0,0.0,0,0,5,fit,,,
2,2026-09-07T23:27:17+02:00,663,Andrich,ABW,Leverkusen,4081877,38,38,19.0,9.3,1366,1366,5,fit,,,
1,2026-09-02T08:49:13+02:00,6668,Minjae,ABW,Bayern,12517910,110,110,110.0,8.8,5073,5073,3,fit,,,
2,2026-09-07T23:27:17+02:00,6668,Minjae,ABW,Bayern,12517910,110,0,55.0,0.0,5073,0,3,fit,,,
1,2026-09-02T08:49:13+02:00,670,Karaman,ST,Schalke,8451816,0,0,0.0,0.0,0,0,3,fit,,,
2,2026-09-07T23:27:17+02:00,670,Karaman,ST,Schalke,8451816,15,15,7.5,1.8,596,596,3,fit,,,
1,2026-09-02T08:49:13+02:00,6745,Boniface,ST,Leverkusen,4590029,43,43,43.0,9.4,667,667,5,fit,,,
2,2026-09-07T23:27:17+02:00,6745,Boniface,ST,Leverkusen,4590029,43,0,21.5,0.0,667,0,5,fit,,,
1,2026-09-02T08:49:13+02:00,6751,Pruhs,TW,Paderborn,2127327,0,0,0.0,0.0,0,0,5,fit,,,
2,2026-09-07T23:27:17+02:00,6751,Pruhs,TW,Paderborn,2127327,0,0,0.0,0.0,0,0,5,fit,,,
1,2026-09-02T08:49:13+02:00,7156,Wöber,ABW,Schalke,2001904,-77,-77,-77.0,-38.5,1549,1549,5,fit,,,
2,2026-09-07T23:27:17+02:00,7156,Wöber,ABW,Schalke,2001904,-39,38,-19.5,19.0,3099,1550,5,fit,,,
1,2026-09-02T08:49:13+02:00,7158,Undav,ST,Stuttgart,39400312,-11,-11,-11.0,-0.3,4367,4367,2,fit,,,
2,2026-09-07T23:27:17+02:00,7158,Undav,ST,Stuttgart,39400312,53,64,26.5,1.6,8735,4368,2,fit,,,
1,2026-09-02T08:49:13+02:00,7167,Lynen,MF,Bremen,6897474,0,0,0.0,0.0,2812,2812,4,angeschlagen,,,
2,2026-09-07T23:27:17+02:00,7167,Lynen,MF,Bremen,6897474,0,0,0.0,0.0,2812,0,4,angeschlagen,,,
1,2026-09-02T08:49:13+02:00,72,Flekken,TW,Leverkusen,13879890,47,47,47.0,3.4,5771,5771,1,fit,,,
2,2026-09-07T23:27:17+02:00,72,Flekken,TW,Leverkusen,13879890,165,118,82.5,8.5,11543,5772,1,fit,,,
1,2026-09-02T08:49:13+02:00,7215,Makengo,ABW,Freiburg,9059497,90,90,90.0,9.9,5714,5714,2,fit,,,
2,2026-09-07T23:27:17+02:00,7215,Makengo,ABW,Freiburg,9059497,210,120,105.0,13.2,11429,5715,2,fit,,,
1,2026-09-02T08:49:13+02:00,7216,Rosenfelder,ABW,Freiburg,5334116,37,37,37.0,6.9,1491,1491,4,fit,,,
2,2026-09-07T23:27:17+02:00,7216,Rosenfelder,ABW,Freiburg,5334116,37,0,18.5,0.0,1491,0,4,fit,,,
1,2026-09-02T08:49:13+02:00,7219,Jóhannesson,MF,Köln,11521662,168,168,168.0,14.6,5753,5753,1,angeschlagen,,,
2,2026-09-07T23:27:17+02:00,7219,Jóhannesson,MF,Köln,11521662,187,19,93.5,1.6,11507,5754,1,angeschlagen,,,
1,2026-09-02T08:49:13+02:00,7224,Castello Jr.,ABW,Leipzig,20897121,199,199,199.0,9.5,5846,5846,3,angeschlagen,,,
2,2026-09-07T23:27:17+02:00,7224,Castello Jr.,ABW,Leipzig,20897121,199,0,99.5,0.0,5846,0,3,angeschlagen,,,
1,2026-09-02T08:49:13+02:00,7226,Kane,ST,Bayern,68545134,124,124,124.0,1.8,3989,3989,1,fit,,,
2,2026-09-07T23:27:17+02:00,7226,Kane,ST,Bayern,68545134,194,70,97.0,1.0,7979,3990,1,fit,,,
1,2026-09-02T08:49:13+02:00,7239,Finkgräfe,ABW,Leipzig,3447785,0,0,0.0,0.0,0,0,5,fit,,,
2,2026-09-07T23:27:17+02:00,7239,Finkgräfe,ABW,Leipzig,3447785,0,0,0.0,0.0,0,0,5,fit,,,
1,2026-09-02T08:49:13+02:00,7242,Gosens,ABW,Schalke,7723625,-9,-9,-9.0,-1.2,2959,2959,2,fit,,,
2,2026-09-07T23:27:17+02:00,7242,Gosens,ABW,Schalke,7723625,73,82,36.5,10.6,5918,2959,2,fit,,,
1,2026-09-02T08:49:13+02:00,7257,Stergiou,ABW,Stuttgart,1895547,-8,-8,-8.0,-4.2,1286,1286,4,fit,,,
2,2026-09-07T23:27:17+02:00,7257,Stergiou,ABW,Stuttgart,1895547,-8,0,-4.0,0.0,1286,0,4,fit,,,
1,2026-09-02T08:49:13+02:00,7269,Tella,MF,Leverkusen,4632073,0,0,0.0,0.0,0,0,5,angeschlagen,,,
2,2026-09-07T23:27:17+02:00,7269,Tella,MF,Leverkusen,4632073,0,0,0.0,0.0,0,0,5,angeschlagen,,,
1,2026-09-02T08:49:13+02:00,7275,Santos,TW,Frankfurt,4312891,0,0,0.0,0.0,0,0,5,fit,,,
2,2026-09-07T23:27:17+02:00,7275,Santos,TW,Frankfurt,4312891,0,0,0.0,0.0,0,0,5,fit,,,
1,2026-09-02T08:49:13+02:00,7277,Chaïbi,MF,Frankfurt,9554393,79,79,79.0,8.3,3811,3811,3,fit,,,
2,2026-09-07T23:27:17+02:00,7277,Chaïbi,MF,Frankfurt,9554393,107,28,53.5,2.9,7623,3812,3,fit,,,
1,2026-09-02T08:49:13+02:00,7278,Poreba,MF,Elversberg,8472489,75,75,75.0,8.9,5869,5869,1,fit,,,
2,2026-09-07T23:27:17+02:00,7278,Poreba,MF,Elversberg,8472489,182,107,91.0,12.6,11739,5870,1,fit,,,
1,2026-09-02T08:49:13+02:00,7282,Deman,ABW,Bremen,9190308,23,23,23.0,2.5,5837,5837,1,fit,,,
2,2026-09-07T23:27:17+02:00,7282,Deman,ABW,Bremen,9190308,185,162,92.5,17.6,11674,5837,1,fit,,,
1,2026-09-02T08:49:13+02:00,7283,Brackelmann,ABW,Augsburg,7366924,146,146,146.0,19.8,5266,5266,3,angeschlagen,,,
2,2026-09-07T23:27:17+02:00,7283,Brackelmann,ABW,Augsburg,7366924,225,79,112.5,10.7,10533,5267,3,angeschlagen,,,
1,2026-09-02T08:49:13+02:00,7320,Scheller,ABW,Paderborn,8646038,133,133,133.0,15.4,5727,5727,1,fit,,,
2,2026-09-07T23:27:17+02:00,7320,Scheller,ABW,Paderborn,8646038,209,76,104.5,8.8,11454,5727,1,fit,,,
1,2026-09-02T08:49:13+02:00,7325,Baum,ABW,Frankfurt,13688541,181,181,181.0,13.2,5183,5183,2,fit,,,
2,2026-09-07T23:27:17+02:00,7325,Baum,ABW,Frankfurt,13688541,231,50,115.5,3.7,10366,5183,2,fit,,,
1,2026-09-02T08:49:13+02:00,7336,Suso,MF,Augsburg,830200,0,0,0.0,0.0,0,0,5,fit,,,
2,2026-09-07T23:27:17+02:00,7336,Suso,MF,Augsburg,830200,0,0,0.0,0.0,0,0,5,fit,,,
1,2026-09-02T08:49:13+02:00,7349,Jeltsch,ABW,Stuttgart,16394677,16,16,16.0,1.0,5734,5734,2,fit,,,
2,2026-09-07T23:27:17+02:00,7349,Jeltsch,ABW,Stuttgart,16394677,200,184,100.0,11.2,11468,5734,2,fit,,,
1,2026-09-02T08:49:13+02:00,7350,Stange,ST,Hamburg,4036718,-6,-6,-6.0,-1.5,1676,1676,5,fit,,,
2,2026-09-07T23:27:17+02:00,7350,Stange,ST,Hamburg,4036718,-22,-16,-11.0,-4.0,3353,1677,5,fit,,,
1,2026-09-02T08:49:13+02:00,737,Waldschmidt,MF,Köln,2878175,0,0,0.0,0.0,0,0,5,fit,,,
2,2026-09-07T23:27:17+02:00,737,Waldschmidt,MF,Köln,2878175,0,0,0.0,0.0,0,0,5,fit,,,
1,2026-09-02T08:49:13+02:00,7394,Amoako,MF,Hamburg,1204380,0,0,0.0,0.0,0,0,5,fit,,,
2,2026-09-07T23:27:17+02:00,7394,Amoako,MF,Hamburg,1204380,0,0,0.0,0.0,0,0,5,fit,,,
1,2026-09-02T08:49:13+02:00,7417,Aséko,MF,Frankfurt,4302690,0,0,0.0,0.0,0,0,5,fit,,,
2,2026-09-07T23:27:17+02:00,7417,Aséko,MF,Frankfurt,4302690,0,0,0.0,0.0,0,0,5,fit,,,
1,2026-09-02T08:49:13+02:00,7441,Campbell,MF,Elversberg,10230847,144,144,144.0,14.1,3987,3987,2,fit,,,
2,2026-09-07T23:27:17+02:00,7441,Campbell,MF,Elversberg,10230847,168,24,84.0,2.3,7974,3987,2,fit,,,
1,2026-09-02T08:49:13+02:00,7463,Onyeka,MF,Elversberg,10317054,139,139,139.0,13.5,4295,4295,2,fit,,,
2,2026-09-07T23:27:17+02:00,7463,Onyeka,MF,Elversberg,10317054,215,76,107.5,7.4,8591,4296,2,fit,,,
1,2026-09-02T08:49:13+02:00,75,Drewes,TW,Dortmund,500000,0,0,0.0,0.0,0,0,5,fit,,,
2,2026-09-07T23:27:17+02:00,75,Drewes,TW,Dortmund,500000,0,0,0.0,0.0,0,0,5,fit,,,
1,2026-09-02T08:49:13+02:00,7514,Le Joncour,ABW,Elversberg,1623889,20,20,20.0,12.3,855,855,5,fit,,,
2,2026-09-07T23:27:17+02:00,7514,Le Joncour,ABW,Elversberg,1623889,20,0,10.0,0.0,855,0,5,fit,,,
1,2026-09-02T08:49:13+02:00,7543,Moerstedt,ST,Hoffenheim,4610475,-75,-75,-75.0,-16.3,1634,1634,4,fit,,,
2,2026-09-07T23:27:17+02:00,7543,Moerstedt,ST,Hoffenheim,4610475,-82,-7,-41.0,-1.5,3269,1635,4,fit,,,
1,2026-09-02T08:49:13+02:00,755,Müller,TW,Schalke,1453001,0,0,0.0,0.0,0,0,5,fit,,,
2,2026-09-07T23:27:17+02:00,755,Müller,TW,Schalke,1453001,0,0,0.0,0.0,0,0,5,fit,,,
1,2026-09-02T08:49:13+02:00,7616,ter Horst,ABW,Paderborn,9567785,143,143,143.0,14.9,5357,5357,1,fit,,,
2,2026-09-07T23:27:17+02:00,7616,ter Horst,ABW,Paderborn,9567785,181,38,90.5,4.0,10714,5357,1,fit,,,
1,2026-09-02T08:49:13+02:00,7673,Hajdari,ABW,Hoffenheim,14851314,56,56,56.0,3.8,5624,5624,2,fit,,,
2,2026-09-07T23:27:17+02:00,7673,Hajdari,ABW,Hoffenheim,14851314,45,-11,22.5,-0.7,11249,5625,2,fit,,,
1,2026-09-02T08:49:13+02:00,7676,Rieder,MF,Augsburg,16400187,195,195,195.0,11.9,5334,5334,1,fit,,,
2,2026-09-07T23:27:17+02:00,7676,Rieder,MF,Augsburg,16400187,416,221,208.0,13.5,10669,5335,1,fit,,,
1,2026-09-02T08:49:13+02:00,7684,Aebischer,MF,Union Berlin,4536460,25,25,25.0,5.5,3965,3965,3,fit,,,
2,2026-09-07T23:27:17+02:00,7684,Aebischer,MF,Union Berlin,4536460,19,-6,9.5,-1.3,7930,3965,3,fit,,,
1,2026-09-02T08:49:13+02:00,7696,Labrović,TW,Augsburg,500000,0,0,0.0,0.0,0,0,5,fit,,,
2,2026-09-07T23:27:17+02:00,7696,Labrović,TW,Augsburg,500000,0,0,0.0,0.0,0,0,5,fit,,,
1,2026-09-02T08:49:13+02:00,7717,Prass,MF,Hoffenheim,1739208,0,0,0.0,0.0,0,0,5,angeschlagen,,,
2,2026-09-07T23:27:17+02:00,7717,Prass,MF,Hoffenheim,1739208,0,0,0.0,0.0,0,0,5,angeschlagen,,,
1,2026-09-02T08:49:13+02:00,7721,Grüll,MF,Bremen,7407142,127,127,127.0,17.1,5562,5562,1,fit,,,
2,2026-09-07T23:27:17+02:00,7721,Grüll,MF,Bremen,7407142,417,290,208.5,39.2,11124,5562,1,fit,,,
1,2026-09-02T08:49:13+02:00,7723,Querfeld,ABW,Union Berlin,14782003,257,257,257.0,17.4,6161,6161,3,fit,,,
2,2026-09-07T23:27:17+02:00,7723,Querfeld,ABW,Union Berlin,14782003,257,0,128.5,0.0,6161,0,3,fit,,,
1,2026-09-02T08:49:13+02:00,7737,Veerman,MF,Dortmund,16038763,36,36,36.0,2.2,2142,2142,3,fit,,,
2,2026-09-07T23:27:17+02:00,7737,Veerman,MF,Dortmund,16038763,111,75,55.5,4.7,4284,2142,3,fit,,,
1,2026-09-02T08:49:13+02:00,7745,Coufal,ABW,Hoffenheim,25619265,136,136,136.0,5.3,5878,5878,1,fit,,,
2,2026-09-07T23:27:17+02:00,7745,Coufal,ABW,Hoffenheim,25619265,282,146,141.0,5.7,11756,5878,1,fit,,,
1,2026-09-02T08:49:13+02:00,7750,Hranác,ABW,Hoffenheim,4712480,44,44,44.0,9.3,1782,1782,4,fit,,,
2,2026-09-07T23:27:17+02:00,7750,Hranác,ABW,Hoffenheim,4712480,45,1,22.5,0.2,3564,1782,4,fit,,,
1,2026-09-02T08:49:13+02:00,7774,Konoplia,ABW,M'gladbach,1497192,0,0,0.0,0.0,0,0,5,Aufbautraining,,,
2,2026-09-07T23:27:17+02:00,7774,Konoplia,ABW,M'gladbach,1497192,0,0,0.0,0.0,0,0,5,Aufbautraining,,,
1,2026-09-02T08:49:13+02:00,7781,Sauer,MF,Stuttgart,3580736,0,0,0.0,0.0,0,0,4,fit,,,
2,2026-09-07T23:27:17+02:00,7781,Sauer,MF,Stuttgart,3580736,38,38,19.0,10.6,985,985,4,fit,,,
1,2026-09-02T08:49:13+02:00,78,Hofmann,MF,Leverkusen,4042563,43,43,43.0,10.6,1881,1881,5,fit,gekauft,4200365,
1,2026-09-02T08:49:13+02:00,7963,Quansah,ABW,Leverkusen,16931026,50,50,50.0,3.0,4077,4077,2,fit,,,
2,2026-09-07T23:27:17+02:00,7963,Quansah,ABW,Leverkusen,16931026,247,197,123.5,11.6,8154,4077,2,fit,,,
1,2026-09-02T08:49:13+02:00,8001,Lochoshvili,ABW,Köln,10890340,121,121,121.0,11.1,5753,5753,2,fit,,,
2,2026-09-07T23:27:17+02:00,8001,Lochoshvili,ABW,Köln,10890340,152,31,76.0,2.8,11507,5754,2,fit,,,
1,2026-09-02T08:49:13+02:00,8061,Bakayoko,ST,Leipzig,8167691,15,15,15.0,1.8,2677,2677,3,fit,,,
2,2026-09-07T23:27:17+02:00,8061,Bakayoko,ST,Leipzig,8167691,48,33,24.0,4.0,5355,2678,3,fit,,,
1,2026-09-02T08:49:13+02:00,8166,Chuki,MF,Bremen,7309272,19,19,19.0,2.6,5433,5433,1,fit,,,
2,2026-09-07T23:27:17+02:00,8166,Chuki,MF,Bremen,7309272,170,151,85.0,20.7,10866,5433,1,fit,,,
1,2026-09-02T08:49:13+02:00,8222,Sylla,ST,Schalke,8328943,21,21,21.0,2.5,5695,5695,1,fit,,,
2,2026-09-07T23:27:17+02:00,8222,Sylla,ST,Schalke,8328943,45,24,22.5,2.9,11390,5695,1,fit,,,
1,2026-09-02T08:49:13+02:00,8227,Vandevoordt,TW,Leipzig,17290593,187,187,187.0,10.8,5907,5907,1,fit,,,
2,2026-09-07T23:27:17+02:00,8227,Vandevoordt,TW,Leipzig,17290593,218,31,109.0,1.8,11814,5907,1,fit,,,
1,2026-09-02T08:49:13+02:00,8235,Gantenbein,ABW,Schalke,680873,0,0,0.0,0.0,0,0,5,Aufbautraining,,,
2,2026-09-07T23:27:17+02:00,8235,Gantenbein,ABW,Schalke,680873,0,0,0.0,0.0,0,0,5,Aufbautraining,,,
1,2026-09-02T08:49:13+02:00,8247,Hendriks,ABW,Stuttgart,9114997,32,32,32.0,3.5,3372,3372,3,fit,,,
2,2026-09-07T23:27:17+02:00,8247,Hendriks,ABW,Stuttgart,9114997,-5,-37,-2.5,-4.1,6745,3373,3,fit,,,
1,2026-09-02T08:49:13+02:00,8252,Krattenmacher,MF,Elversberg,2847035,13,13,13.0,4.6,1881,1881,4,fit,,,
2,2026-09-07T23:27:17+02:00,8252,Krattenmacher,MF,Elversberg,2847035,288,275,144.0,96.6,3763,1882,4,fit,,,
1,2026-09-02T08:49:13+02:00,8274,El Mala,MF,Köln,25272197,143,143,143.0,5.7,3976,3976,3,angeschlagen,,,
2,2026-09-07T23:27:17+02:00,8274,El Mala,MF,Köln,25272197,143,0,71.5,0.0,3976,0,3,angeschlagen,,,
1,2026-09-02T08:49:13+02:00,8277,Becker,ABW,Schalke,4477006,16,16,16.0,3.6,2735,2735,4,fit,,,
2,2026-09-07T23:27:17+02:00,8277,Becker,ABW,Schalke,4477006,20,4,10.0,0.9,5471,2736,4,fit,,,
1,2026-09-02T08:49:13+02:00,8289,Petersson,TW,Hoffenheim,500000,0,0,0.0,0.0,0,0,5,fit,,,
2,2026-09-07T23:27:17+02:00,8289,Petersson,TW,Hoffenheim,500000,0,0,0.0,0.0,0,0,5,fit,,,
1,2026-09-02T08:49:13+02:00,8292,Castañeda,MF,Paderborn,9669930,101,101,101.0,10.4,5727,5727,1,fit,gekauft,9800698,
1,2026-09-02T08:49:13+02:00,8296,Schmahl,MF,Elversberg,2567702,0,0,0.0,0.0,0,0,5,fit,,,
2,2026-09-07T23:27:17+02:00,8296,Schmahl,MF,Elversberg,2567702,0,0,0.0,0.0,0,0,5,fit,,,
1,2026-09-02T08:49:13+02:00,8301,Sirch,ABW,Elversberg,2895141,10,10,10.0,3.5,876,876,4,fit,,,
2,2026-09-07T23:27:17+02:00,8301,Sirch,ABW,Elversberg,2895141,35,25,17.5,8.6,1752,876,4,fit,,,
1,2026-09-02T08:49:13+02:00,8307,Sano,MF,Mainz,18067224,133,133,133.0,7.4,5521,5521,1,fit,,,
2,2026-09-07T23:27:17+02:00,8307,Sano,MF,Mainz,18067224,313,180,156.5,10.0,11042,5521,1,fit,,,
1,2026-09-02T08:49:13+02:00,8329,Olise,MF,Bayern,65047096,249,249,249.0,3.8,3998,3998,1,fit,,,
2,2026-09-07T23:27:17+02:00,8329,Olise,MF,Bayern,65047096,374,125,187.0,1.9,7997,3999,1,fit,,,
1,2026-09-02T08:49:13+02:00,8351,Højlund,MF,Frankfurt,4490766,1,1,1.0,0.2,945,945,3,fit,,,
2,2026-09-07T23:27:17+02:00,8351,Højlund,MF,Frankfurt,4490766,1,0,0.5,0.0,945,0,3,fit,,,
1,2026-09-02T08:49:13+02:00,8355,Banks,ABW,Augsburg,9805565,145,145,145.0,14.8,5655,5655,1,fit,,,
2,2026-09-07T23:27:17+02:00,8355,Banks,ABW,Augsburg,9805565,275,130,137.5,13.3,11311,5656,1,fit,,,
1,2026-09-02T08:49:13+02:00,8363,Yilmaz,ABW,Freiburg,3622687,0,0,0.0,0.0,0,0,5,fit,,,
2,2026-09-07T23:27:17+02:00,8363,Yilmaz,ABW,Freiburg,3622687,24,24,12.0,6.6,780,780,5,fit,,,
1,2026-09-02T08:49:13+02:00,8364,Ogbus,ABW,Freiburg,3461410,0,0,0.0,0.0,0,0,5,fit,,,
2,2026-09-07T23:27:17+02:00,8364,Ogbus,ABW,Freiburg,3461410,0,0,0.0,0.0,0,0,5,fit,,,
1,2026-09-02T08:49:13+02:00,8367,Sambi Lokonga,MF,Hamburg,9541928,44,44,44.0,4.6,5806,5806,3,angeschlagen,,,
2,2026-09-07T23:27:17+02:00,8367,Sambi Lokonga,MF,Hamburg,9541928,44,0,22.0,0.0,5806,0,3,angeschlagen,,,
1,2026-09-02T08:49:13+02:00,8374,Terrier,ST,Leverkusen,900770,0,0,0.0,0.0,0,0,5,angeschlagen,,,
2,2026-09-07T23:27:17+02:00,8374,Terrier,ST,Leverkusen,900770,0,0,0.0,0.0,0,0,5,angeschlagen,,,
1,2026-09-02T08:49:13+02:00,8381,Burcu,MF,Union Berlin,5567450,27,27,27.0,4.8,3424,3424,3,fit,,,
2,2026-09-07T23:27:17+02:00,8381,Burcu,MF,Union Berlin,5567450,55,28,27.5,5.0,6848,3424,3,fit,,,
1,2026-09-02T08:49:13+02:00,849,Kleindienst,ST,M'gladbach,18624014,-21,-21,-21.0,-1.1,5283,5283,1,fit,,,
2,2026-09-07T23:27:17+02:00,849,Kleindienst,ST,M'gladbach,18624014,73,94,36.5,5.0,10567,5284,1,fit,,,
1,2026-09-02T08:49:13+02:00,859,Gyamerah,ABW,Elversberg,6110556,63,63,63.0,10.3,4993,4993,1,fit,,,
2,2026-09-07T23:27:17+02:00,859,Gyamerah,ABW,Elversberg,6110556,144,81,72.0,13.3,9986,4993,1,fit,,,
1,2026-09-02T08:49:13+02:00,8872,Sticker,ABW,Paderborn,3270502,21,21,21.0,6.4,968,968,4,fit,,,
2,2026-09-07T23:27:17+02:00,8872,Sticker,ABW,Paderborn,3270502,15,-6,7.5,-1.8,1936,968,4,fit,,,
1,2026-09-02T08:49:13+02:00,89,Günter,ABW,Freiburg,4057991,0,0,0.0,0.0,0,0,4,fit,,,
2,2026-09-07T23:27:17+02:00,89,Günter,ABW,Freiburg,4057991,0,0,0.0,0.0,0,0,4,fit,,,
1,2026-09-02T08:49:13+02:00,8984,Awortwie-Grant,ABW,Paderborn,1162408,0,0,0.0,0.0,0,0,5,verletzt,,,
2,2026-09-07T23:27:17+02:00,8984,Awortwie-Grant,ABW,Paderborn,1162408,0,0,0.0,0.0,0,0,5,verletzt,,,
1,2026-09-02T08:49:13+02:00,9224,Zimmerschied,MF,Elversberg,1693084,0,0,0.0,0.0,0,0,5,angeschlagen,,,
2,2026-09-07T23:27:17+02:00,9224,Zimmerschied,MF,Elversberg,1693084,0,0,0.0,0.0,0,0,5,angeschlagen,,,
1,2026-09-02T08:49:13+02:00,9283,Zeitler,ST,Paderborn,2730253,0,0,0.0,0.0,0,0,5,angeschlagen,,,
2,2026-09-07T23:27:17+02:00,9283,Zeitler,ST,Paderborn,2730253,0,0,0.0,0.0,0,0,5,angeschlagen,,,
1,2026-09-02T08:49:13+02:00,9384,Darvich,MF,Elversberg,4474213,12,12,12.0,2.7,1895,1895,5,fit,,,
2,2026-09-07T23:27:17+02:00,9384,Darvich,MF,Elversberg,4474213,12,0,6.0,0.0,1895,0,5,fit,,,
1,2026-09-02T08:49:13+02:00,9440,Mane,ABW,Dortmund,4872884,17,17,17.0,3.5,1576,1576,5,verletzt,,,
2,2026-09-07T23:27:17+02:00,9440,Mane,ABW,Dortmund,4872884,64,47,32.0,9.6,3152,1576,5,verletzt,,,
1,2026-09-02T08:49:13+02:00,9507,Nusa,MF,Leipzig,27009259,226,226,226.0,8.4,5511,5511,1,fit,,,
2,2026-09-07T23:27:17+02:00,9507,Nusa,MF,Leipzig,27009259,291,65,145.5,2.4,11023,5512,1,fit,,,
1,2026-09-02T08:49:13+02:00,9513,Hein,TW,Bremen,12106507,8,8,8.0,0.7,5837,5837,1,fit,,,
2,2026-09-07T23:27:17+02:00,9513,Hein,TW,Bremen,12106507,150,142,75.0,11.7,11674,5837,1,fit,,,
1,2026-09-02T08:49:13+02:00,9540,Lidberg,ST,M'gladbach,4216902,-8,-8,-8.0,-1.9,1538,1538,5,fit,,,
2,2026-09-07T23:27:17+02:00,9540,Lidberg,ST,M'gladbach,4216902,-13,-5,-6.5,-1.2,3077,1539,5,fit,,,
1,2026-09-02T08:49:13+02:00,9598,Gendrey,ABW,Hoffenheim,1570693,0,0,0.0,0.0,0,0,5,fit,,,
2,2026-09-07T23:27:17+02:00,9598,Gendrey,ABW,Hoffenheim,1570693,0,0,0.0,0.0,0,0,5,fit,,,
1,2026-09-02T08:49:13+02:00,9600,Schlager,TW,Bremen,1662718,0,0,0.0,0.0,0,0,5,fit,,,
2,2026-09-07T23:27:17+02:00,9600,Schlager,TW,Bremen,1662718,0,0,0.0,0.0,0,0,5,fit,,,
1,2026-09-02T08:49:13+02:00,9605,Grønbæk,MF,Hamburg,12210337,30,30,30.0,2.5,5715,5715,1,fit,,,
2,2026-09-07T23:27:17+02:00,9605,Grønbæk,MF,Hamburg,12210337,21,-9,10.5,-0.7,11430,5715,1,fit,,,
1,2026-09-02T08:49:13+02:00,9615,Al Dakhil,ABW,Stuttgart,925064,0,0,0.0,0.0,0,0,4,fit,,,
2,2026-09-07T23:27:17+02:00,9615,Al Dakhil,ABW,Stuttgart,925064,0,0,0.0,0.0,0,0,4,fit,,,
1,2026-09-02T08:49:13+02:00,9642,Matsima,ABW,Augsburg,14738124,138,138,138.0,9.4,5655,5655,1,fit,,,
2,2026-09-07T23:27:17+02:00,9642,Matsima,ABW,Augsburg,14738124,314,176,157.0,11.9,11311,5656,1,fit,,,
1,2026-09-02T08:49:13+02:00,9683,Ilic,ST,Union Berlin,3759965,0,0,0.0,0.0,0,0,5,angeschlagen,,,
2,2026-09-07T23:27:17+02:00,9683,Ilic,ST,Union Berlin,3759965,0,0,0.0,0.0,0,0,5,angeschlagen,,,
1,2026-09-02T08:49:13+02:00,9684,Claude-Maurice,MF,Augsburg,6750244,0,0,0.0,0.0,0,0,3,fit,,,
2,2026-09-07T23:27:17+02:00,9684,Claude-Maurice,MF,Augsburg,6750244,167,167,83.5,24.7,1925,1925,3,fit,,,
1,2026-09-02T08:49:13+02:00,9698,Fábio Silva,ST,Dortmund,8326091,0,0,0.0,0.0,0,0,4,fit,,,
2,2026-09-07T23:27:17+02:00,9698,Fábio Silva,ST,Dortmund,8326091,124,124,62.0,14.9,2008,2008,4,fit,,,
1,2026-09-02T08:49:13+02:00,9754,Bah,ABW,Augsburg,6834669,0,0,0.0,0.0,0,0,4,fit,,,
2,2026-09-07T23:27:17+02:00,9754,Bah,ABW,Augsburg,6834669,0,0,0.0,0.0,0,0,4,fit,,,
1,2026-09-02T08:49:13+02:00,9776,Maksimovic,MF,Leipzig,3600992,0,0,0.0,0.0,0,0,3,fit,,,
2,2026-09-07T23:27:17+02:00,9776,Maksimovic,MF,Leipzig,3600992,84,84,42.0,23.3,791,791,3,fit,,,
1,2026-09-02T08:49:13+02:00,9965,Sakar,MF,Augsburg,2789198,0,0,0.0,0.0,0,0,5,fit,,,
2,2026-09-07T23:27:17+02:00,9965,Sakar,MF,Augsburg,2789198,0,0,0.0,0.0,0,0,5,fit,,,
1,2026-09-02T08:49:13+02:00,9995,Mokwa,ST,Elversberg,6422669,148,148,148.0,23.0,4990,4990,1,fit,,,
2,2026-09-07T23:27:17+02:00,9995,Mokwa,ST,Elversberg,6422669,298,150,149.0,23.4,9981,4991,1,fit,,,
3,2026-09-14T15:19:58+02:00,4199,García,MF,Leverkusen,38810683,494,165,164.7,4.3,,,1,fit,gekauft,42680003,vorlaeufig
3,2026-09-14T15:19:58+02:00,608,Füllkrug,ST,Bremen,13486843,228,137,76.0,10.2,,,1,fit,gekauft,12120030,vorlaeufig
3,2026-09-14T15:19:58+02:00,3470,Caci,ABW,Mainz,12461902,226,10,75.3,0.8,,,2,fit,gekauft,10620000,vorlaeufig
3,2026-09-14T15:19:58+02:00,4596,Gruda,MF,Leipzig,20298082,253,125,84.3,6.2,,,1,fit,gekauft,24276098,vorlaeufig
3,2026-09-14T15:19:58+02:00,3019,Atubolu,TW,Frankfurt,13904251,355,189,118.3,13.6,,,1,fit,gekauft,13100025,vorlaeufig
3,2026-09-14T15:19:58+02:00,17288,Regeer,MF,Bremen,8101561,155,25,51.7,3.1,,,1,fit,gekauft,5930002,vorlaeufig
3,2026-09-14T15:19:58+02:00,2232,Mwene,ABW,Mainz,12027641,375,2,125.0,0.2,,,2,fit,gekauft,11345679,vorlaeufig
3,2026-09-14T15:19:58+02:00,2141,Baku,ABW,Leipzig,21592556,530,59,176.7,2.7,,,2,fit,gekauft,21006852,vorlaeufig
3,2026-09-14T15:19:58+02:00,8292,Castañeda,MF,Paderborn,9732505,242,71,80.7,7.3,,,1,fit,gekauft,9800698,vorlaeufig
3,2026-09-14T15:19:58+02:00,6080,Pavlović,MF,Bayern,33777250,673,247,224.3,7.3,,,2,fit,gekauft,34676324,vorlaeufig
3,2026-09-14T15:19:58+02:00,7282,Deman,ABW,Bremen,10234678,302,117,100.7,11.4,,,1,fit,gekauft,10763320,vorlaeufig
3,2026-09-14T15:19:58+02:00,12367,Spalt,MF,Stuttgart,1399453,40,,40.0,,,,3,fit,gekauft,1876769,vorlaeufig
3,2026-09-14T15:19:58+02:00,10114,Chukwuemeka,MF,Dortmund,5296648,36,36,12.0,6.8,,,5,fit,gekauft,5870002,vorlaeufig
3,2026-09-14T15:19:58+02:00,60,Kohr,ABW,Mainz,4524102,96,0,32.0,0.0,4824,0,5,verletzt,,,vorlaeufig
3,2026-09-14T15:19:58+02:00,550,Bell,ABW,Mainz,1393310,,,,,,,5,fit,,,vorlaeufig
3,2026-09-14T15:19:58+02:00,620,Schwolow,TW,Mainz,4668964,151,0,50.3,0.0,5624,0,5,fit,,,vorlaeufig
3,2026-09-14T15:19:58+02:00,1540,Da Costa,ABW,Mainz,9165047,174,-4,58.0,-0.4,8364,1902,3,fit,,,vorlaeufig
3,2026-09-14T15:19:58+02:00,1590,Zentner,TW,Mainz,11553366,144,40,48.0,3.5,11529,5798,1,fit,,,vorlaeufig
3,2026-09-14T15:19:58+02:00,1639,Amiri,MF,Mainz,35013062,320,-19,106.7,-0.5,16626,5271,1,fit,,,vorlaeufig
3,2026-09-14T15:19:58+02:00,2006,Posch,ABW,Mainz,9006043,175,52,58.3,5.8,11097,5798,1,fit,,,vorlaeufig
3,2026-09-14T15:19:58+02:00,2030,Tietz,ST,Mainz,16318502,540,134,180.0,8.2,17153,5798,1,fit,,,vorlaeufig
3,2026-09-14T15:19:58+02:00,2399,Maloney,MF,Mainz,1716313,23,0,7.7,0.0,312,0,5,fit,,,vorlaeufig
3,2026-09-14T15:19:58+02:00,2476,Lee,MF,Mainz,13782386,282,6,94.0,0.4,12307,2910,3,fit,,,vorlaeufig
3,2026-09-14T15:19:58+02:00,2646,Becker,ST,Mainz,14320566,404,53,134.7,3.7,12814,4616,1,fit,,,vorlaeufig
3,2026-09-14T15:19:58+02:00,2702,Martel,MF,Mainz,2151940,,,,,,,5,fit,,,vorlaeufig
3,2026-09-14T15:19:58+02:00,2822,Silas,ST,Mainz,500000,,,,,,,5,verletzt,,,vorlaeufig
3,2026-09-14T15:19:58+02:00,2895,Nebel,MF,Mainz,3341920,,,,,,,5,verletzt,,,vorlaeufig
3,2026-09-14T15:19:58+02:00,3041,Widmer,ABW,Mainz,2211226,29,0,9.7,0.0,1324,0,5,verletzt,,,vorlaeufig
3,2026-09-14T15:19:58+02:00,3318,Königsdörffer,ST,Mainz,5683857,180,31,60.0,5.5,6108,2948,3,fit,,,vorlaeufig
3,2026-09-14T15:19:58+02:00,6111,Hollerbach,ST,Mainz,1757989,7,7,2.3,4.0,1182,1182,5,fit,,,vorlaeufig
3,2026-09-14T15:19:58+02:00,8307,Sano,MF,Mainz,18806427,411,98,137.0,5.2,16840,5798,1,fit,,,vorlaeufig
3,2026-09-14T15:19:58+02:00,10122,Gruber,ABW,Mainz,13247757,354,37,118.0,2.8,17153,5798,3,fit,,,vorlaeufig
3,2026-09-14T15:19:58+02:00,11261,Kawasaki,MF,Mainz,1787839,,,,,,,5,fit,,,vorlaeufig
3,2026-09-14T15:19:58+02:00,11665,Potulski,ABW,Mainz,8360542,156,-2,52.0,-0.2,12329,5798,3,fit,,,vorlaeufig
3,2026-09-14T15:19:58+02:00,11666,Kinzig,TW,Mainz,500000,,,,,,,5,fit,,,vorlaeufig
3,2026-09-14T15:19:58+02:00,13438,Ruoppi,MF,Mainz,1160890,85,47,28.3,40.5,2479,526,3,fit,,,vorlaeufig
3,2026-09-14T15:19:58+02:00,17179,Nakuzola,ABW,Mainz,992727,54,31,18.0,31.2,1515,1191,4,fit,,,vorlaeufig
3,2026-09-14T15:19:58+02:00,1664,Mittelstädt,ABW,Stuttgart,27115408,518,226,172.7,8.3,16536,6047,1,fit,,,vorlaeufig
3,2026-09-14T15:19:58+02:00,1671,Prömel,MF,Stuttgart,16821335,310,52,103.3,3.1,17515,6047,1,fit,,,vorlaeufig
3,2026-09-14T15:19:58+02:00,2068,Zagadou,ABW,Stuttgart,536988,,,,,,,5,verletzt,,,vorlaeufig
3,2026-09-14T15:19:58+02:00,2120,Nartey,MF,Stuttgart,4003040,,,,,,,5,angeschlagen,,,vorlaeufig
3,2026-09-14T15:19:58+02:00,2172,Führich,MF,Stuttgart,20058825,160,64,53.3,3.2,8459,4208,2,fit,,,vorlaeufig
3,2026-09-14T15:19:58+02:00,2199,Vagnoman,ABW,Stuttgart,11239140,458,75,152.7,6.7,16621,5153,2,fit,,,vorlaeufig
3,2026-09-14T15:19:58+02:00,2214,Karazor,MF,Stuttgart,3031286,,,,,,,4,fit,,,vorlaeufig
3,2026-09-14T15:19:58+02:00,2237,Bredlow,TW,Stuttgart,13057109,390,128,130.0,9.8,17515,6047,1,fit,,,vorlaeufig
3,2026-09-14T15:19:58+02:00,2445,Funk,TW,Stuttgart,1050477,,,,,,,5,fit,,,vorlaeufig
3,2026-09-14T15:19:58+02:00,2694,Stiller,MF,Stuttgart,29378850,152,0,50.7,0.0,12903,2050,3,angeschlagen,,,vorlaeufig
3,2026-09-14T15:19:58+02:00,2854,Demirović,ST,Stuttgart,17105981,163,2,54.3,0.1,7639,4218,3,fit,,,vorlaeufig
3,2026-09-14T15:19:58+02:00,2988,Leweling,MF,Stuttgart,17428089,8,-10,2.7,-0.6,4329,894,3,fit,,,vorlaeufig
3,2026-09-14T15:19:58+02:00,3190,Chabot,ABW,Stuttgart,22225497,264,77,88.0,3.5,16236,6047,1,fit,,,vorlaeufig
3,2026-09-14T15:19:58+02:00,3193,Tiago Tomás,ST,Stuttgart,5525025,35,0,11.7,0.0,3780,0,5,verletzt,,,vorlaeufig
3,2026-09-14T15:19:58+02:00,4296,Pejčinović,ST,Stuttgart,10491388,102,15,34.0,1.4,15538,6047,3,fit,,,vorlaeufig
3,2026-09-14T15:19:58+02:00,4589,Diehl,ST,Stuttgart,500000,,,,,,,5,verletzt,,,vorlaeufig
3,2026-09-14T15:19:58+02:00,6085,Seimen,TW,Stuttgart,4934358,,,,,,,5,Aufbautraining,,,vorlaeufig
3,2026-09-14T15:19:58+02:00,7158,Undav,ST,Stuttgart,35056373,36,-17,12.0,-0.5,10564,1829,2,fit,,,vorlaeufig
3,2026-09-14T15:19:58+02:00,7257,Stergiou,ABW,Stuttgart,1189635,-8,0,-2.7,0.0,1286,0,5,fit,,,vorlaeufig
3,2026-09-14T15:19:58+02:00,7349,Jeltsch,ABW,Stuttgart,16504220,259,59,86.3,3.6,17515,6047,1,fit,,,vorlaeufig
3,2026-09-14T15:19:58+02:00,7781,Sauer,MF,Stuttgart,4931471,32,-6,10.7,-1.2,1885,900,5,fit,,,vorlaeufig
3,2026-09-14T15:19:58+02:00,8247,Hendriks,ABW,Stuttgart,7897242,61,66,20.3,8.4,11892,5147,3,fit,,,vorlaeufig
3,2026-09-14T15:19:58+02:00,9615,Al Dakhil,ABW,Stuttgart,1284590,,,,,,,5,fehlt,,,vorlaeufig
3,2026-09-14T15:19:58+02:00,10112,Jaquez,ABW,Stuttgart,1330044,,,,,,,5,angeschlagen,,,vorlaeufig
3,2026-09-14T15:19:58+02:00,11043,Assignon,ABW,Stuttgart,2140510,,,,,,,4,fit,,,vorlaeufig
3,2026-09-14T15:19:58+02:00,11955,El Khannouss,MF,Stuttgart,19643537,195,26,65.0,1.3,7834,1839,3,fit,,,vorlaeufig
3,2026-09-14T15:19:58+02:00,524,Baumann,TW,Hoffenheim,15918143,352,149,117.3,9.4,17803,6047,1,fit,,,vorlaeufig
3,2026-09-14T15:19:58+02:00,1815,Kramarić,MF,Hoffenheim,10429000,-3,23,-1.0,2.2,2675,794,3,fit,,,vorlaeufig
3,2026-09-14T15:19:58+02:00,1954,Bernardo,ABW,Hoffenheim,4592168,62,0,20.7,0.0,3268,0,4,fit,,,vorlaeufig
3,2026-09-14T15:19:58+02:00,2373,Kabak,ABW,Hoffenheim,23634193,434,167,144.7,7.1,16776,6047,1,fit,,,vorlaeufig
3,2026-09-14T15:19:58+02:00,2803,Lemperle,ST,Hoffenheim,13107177,201,73,67.0,5.6,10467,5257,2,fit,,,vorlaeufig
3,2026-09-14T15:19:58+02:00,2852,Philipp,TW,Hoffenheim,500000,,,,,,,5,fit,,,vorlaeufig
3,2026-09-14T15:19:58+02:00,3124,Wimmer,MF,Hoffenheim,8278490,184,96,61.3,11.6,11338,2444,3,fit,,,vorlaeufig
3,2026-09-14T15:19:58+02:00,3158,Asllani,ST,Hoffenheim,15559846,48,48,16.0,3.1,790,790,4,fit,,,vorlaeufig
3,2026-09-14T15:19:58+02:00,3204,Conté,ST,Hoffenheim,9553294,197,103,65.7,10.8,10772,3603,3,fit,,,vorlaeufig
3,2026-09-14T15:19:58+02:00,3471,Hložek,ST,Hoffenheim,7986025,336,270,112.0,33.8,13110,5252,3,fit,,,vorlaeufig
3,2026-09-14T15:19:58+02:00,7543,Moerstedt,ST,Hoffenheim,3827119,-82,0,-27.3,0.0,3269,0,3,fit,,,vorlaeufig
3,2026-09-14T15:19:58+02:00,7673,Hajdari,ABW,Hoffenheim,12666829,160,115,53.3,9.1,17296,6047,3,fit,,,vorlaeufig
3,2026-09-14T15:19:58+02:00,7717,Prass,MF,Hoffenheim,1274174,,,,,,,5,angeschlagen,,,vorlaeufig
3,2026-09-14T15:19:58+02:00,7745,Coufal,ABW,Hoffenheim,25121652,347,65,115.7,2.6,16207,4451,2,angeschlagen,,,vorlaeufig
3,2026-09-14T15:19:58+02:00,7750,Hranác,ABW,Hoffenheim,4624118,45,0,15.0,0.0,3564,0,3,fit,,,vorlaeufig
3,2026-09-14T15:19:58+02:00,8289,Petersson,TW,Hoffenheim,500000,,,,,,,5,fit,,,vorlaeufig
3,2026-09-14T15:19:58+02:00,9598,Gendrey,ABW,Hoffenheim,983962,56,56,18.7,56.9,1596,1596,4,fit,,,vorlaeufig
3,2026-09-14T15:19:58+02:00,11161,Machida,ABW,Hoffenheim,4399091,49,49,16.3,11.1,1583,1583,3,fit,,,vorlaeufig
3,2026-09-14T15:19:58+02:00,11162,Avdullahu,MF,Hoffenheim,16572770,293,82,97.7,4.9,17803,6047,1,fit,,,vorlaeufig
3,2026-09-14T15:19:58+02:00,11591,Lenz,MF,Hoffenheim,700269,,,,,,,5,fit,,,vorlaeufig
3,2026-09-14T15:19:58+02:00,11631,Burger,MF,Hoffenheim,18000429,212,91,70.7,5.1,16785,6047,2,fit,,,vorlaeufig
3,2026-09-14T15:19:58+02:00,11959,Daghim,ST,Hoffenheim,11620746,502,194,167.3,16.7,17290,6047,3,fit,,,vorlaeufig
3,2026-09-14T15:19:58+02:00,15193,Rots,ABW,Hoffenheim,8992768,198,107,66.0,11.9,10920,4463,3,fit,,,vorlaeufig
3,2026-09-14T15:19:58+02:00,15262,De Cat,MF,Hoffenheim,9332056,-11,0,-3.7,0.0,2514,0,3,fit,,,vorlaeufig
3,2026-09-14T15:19:58+02:00,49,Ginter,ABW,Freiburg,26983908,664,322,221.3,11.9,17069,5640,1,fit,,,vorlaeufig
3,2026-09-14T15:19:58+02:00,89,Günter,ABW,Freiburg,3263188,,,,,,,4,fit,,,vorlaeufig
3,2026-09-14T15:19:58+02:00,118,Grifo,MF,Freiburg,7258266,125,87,41.7,12.0,2812,1564,4,fit,,,vorlaeufig
3,2026-09-14T15:19:58+02:00,1257,Kübler,ABW,Freiburg,6467736,158,22,52.7,3.4,6160,691,4,fit,,,vorlaeufig
3,2026-09-14T15:19:58+02:00,1645,Eggestein,MF,Freiburg,18248680,581,232,193.7,12.7,17069,5640,1,fit,,,vorlaeufig
3,2026-09-14T15:19:58+02:00,1767,Huth,TW,Freiburg,500000,,,,,,,5,fit,,,vorlaeufig
3,2026-09-14T15:19:58+02:00,1858,Jung,ABW,Freiburg,1511454,,,,,,,5,fit,,,vorlaeufig
3,2026-09-14T15:19:58+02:00,1910,Müller,TW,Freiburg,500000,,,,,,,5,fit,,,vorlaeufig
3,2026-09-14T15:19:58+02:00,2084,Lienhart,ABW,Freiburg,14432060,399,178,133.0,12.3,15577,5640,2,fit,,,vorlaeufig
3,2026-09-14T15:19:58+02:00,2125,Beste,MF,Freiburg,14393597,339,125,113.0,8.7,12217,4931,1,fit,,,vorlaeufig
3,2026-09-14T15:19:58+02:00,2176,Höler,ST,Freiburg,3991393,70,33,23.3,8.3,2169,945,5,fit,,,vorlaeufig
3,2026-09-14T15:19:58+02:00,2722,Osterhage,MF,Freiburg,1553216,,,,,,,5,fit,,,vorlaeufig
3,2026-09-14T15:19:58+02:00,3209,Engelhardt,MF,Freiburg,10868740,524,399,174.7,36.7,16288,5640,1,fit,,,vorlaeufig
3,2026-09-14T15:19:58+02:00,3218,Backhaus,TW,Freiburg,15250604,348,138,116.0,9.0,17069,5640,1,fit,,,vorlaeufig
3,2026-09-14T15:19:58+02:00,3304,Matanović,ST,Freiburg,22820225,775,288,258.3,12.6,14899,4695,1,fit,,,vorlaeufig
3,2026-09-14T15:19:58+02:00,4335,Scherhant,MF,Freiburg,11632838,382,116,127.3,10.0,14257,4076,2,fit,,,vorlaeufig
3,2026-09-14T15:19:58+02:00,6209,Treu,ABW,Freiburg,10488711,275,103,91.7,9.8,12157,4949,2,fit,,,vorlaeufig
3,2026-09-14T15:19:58+02:00,7215,Makengo,ABW,Freiburg,10455155,486,276,162.0,26.4,17069,5640,2,fit,,,vorlaeufig
3,2026-09-14T15:19:58+02:00,7216,Rosenfelder,ABW,Freiburg,4895197,37,0,12.3,0.0,1491,0,4,fit,,,vorlaeufig
3,2026-09-14T15:19:58+02:00,8363,Yilmaz,ABW,Freiburg,2895791,24,0,8.0,0.0,780,0,5,fit,,,vorlaeufig
3,2026-09-14T15:19:58+02:00,8364,Ogbus,ABW,Freiburg,4121051,,,,,,,5,fit,,,vorlaeufig
3,2026-09-14T15:19:58+02:00,11006,Suzuki,MF,Freiburg,17249871,565,95,188.3,5.5,14504,4696,1,fit,,,vorlaeufig
3,2026-09-14T15:19:58+02:00,11007,Irié,MF,Freiburg,5044886,90,30,30.0,5.9,3674,709,5,fit,,,vorlaeufig
3,2026-09-14T15:19:58+02:00,14048,Goto,ST,Freiburg,2763191,78,48,26.0,17.4,2564,944,5,fit,,,vorlaeufig
3,2026-09-14T15:19:58+02:00,15196,Yamamoto,MF,Freiburg,2173773,,,,,,,5,fit,,,vorlaeufig
3,2026-09-14T15:19:58+02:00,4,Blaswich,TW,Leverkusen,1152632,,,,,,,5,fit,,,vorlaeufig
3,2026-09-14T15:19:58+02:00,72,Flekken,TW,Leverkusen,13242032,235,70,78.3,5.3,17387,5844,1,fit,,,vorlaeufig
3,2026-09-14T15:19:58+02:00,78,Hofmann,MF,Leverkusen,4678559,43,0,14.3,0.0,1881,0,5,fit,,,vorlaeufig
3,2026-09-14T15:19:58+02:00,663,Andrich,ABW,Leverkusen,3625590,38,0,12.7,0.0,1366,0,5,fit,,,vorlaeufig
3,2026-09-14T15:19:58+02:00,2661,Diaby,ST,Leverkusen,22924213,173,126,57.7,5.5,7414,5844,3,fit,,,vorlaeufig
3,2026-09-14T15:19:58+02:00,2746,Schick,ST,Leverkusen,30356790,513,136,171.0,4.5,11964,1994,3,fit,,,vorlaeufig
3,2026-09-14T15:19:58+02:00,2783,Tapsoba,ABW,Leverkusen,25178293,289,188,96.3,7.5,17387,5844,1,fit,,,vorlaeufig
3,2026-09-14T15:19:58+02:00,2846,Tillman,MF,Leverkusen,12405001,232,60,77.3,4.8,9306,1214,3,fit,,,vorlaeufig
3,2026-09-14T15:19:58+02:00,3754,Vázquez,ABW,Leverkusen,4802372,39,17,13.0,3.5,4680,649,5,fit,,,vorlaeufig
3,2026-09-14T15:19:58+02:00,3759,Gutiérrez,ABW,Leverkusen,23339733,495,98,165.0,4.2,16754,5844,1,fit,,,vorlaeufig
3,2026-09-14T15:19:58+02:00,4318,Oermann,ABW,Leverkusen,1955050,,,,,,,5,fit,,,vorlaeufig
3,2026-09-14T15:19:58+02:00,4563,Badé,ABW,Leverkusen,7988065,70,0,23.3,0.0,4765,0,5,fit,,,vorlaeufig
3,2026-09-14T15:19:58+02:00,6061,Maza,MF,Leverkusen,30805410,514,88,171.3,2.9,17387,5844,1,fit,,,vorlaeufig
3,2026-09-14T15:19:58+02:00,6745,Boniface,ST,Leverkusen,3929083,43,0,14.3,0.0,667,0,5,fit,,,vorlaeufig
3,2026-09-14T15:19:58+02:00,7269,Tella,MF,Leverkusen,3862729,,,,,,,5,angeschlagen,,,vorlaeufig
3,2026-09-14T15:19:58+02:00,7963,Quansah,ABW,Leverkusen,17908824,288,41,96.0,2.3,12009,3855,3,fit,,,vorlaeufig
3,2026-09-14T15:19:58+02:00,8374,Terrier,ST,Leverkusen,2175467,21,21,7.0,9.7,1212,1212,5,fit,,,vorlaeufig
3,2026-09-14T15:19:58+02:00,11513,Kofane,ST,Leverkusen,10015113,286,138,95.3,13.8,7916,3850,3,fit,,,vorlaeufig
3,2026-09-14T15:19:58+02:00,11680,Eichhorn,MF,Leverkusen,1953742,,,,,,,5,verletzt,,,vorlaeufig
3,2026-09-14T15:19:58+02:00,11756,Culbreath,MF,Leverkusen,1150638,,,,,,,5,Aufbautraining,,,vorlaeufig
3,2026-09-14T15:19:58+02:00,11956,Fernández,MF,Leverkusen,11945706,365,98,121.7,8.2,12307,4631,2,fit,,,vorlaeufig
3,2026-09-14T15:19:58+02:00,11957,Ben Seghir,MF,Leverkusen,4761733,,,,,,,5,fit,,,vorlaeufig
3,2026-09-14T15:19:58+02:00,13888,Doué,ABW,Leverkusen,13487304,40,40,13.3,3.0,1989,1989,3,fit,,,vorlaeufig
3,2026-09-14T15:19:58+02:00,14241,Medina,ABW,Leverkusen,11170393,317,61,105.7,5.5,11966,5195,3,fit,,,vorlaeufig
3,2026-09-14T15:19:58+02:00,15199,Moreira,ST,Leverkusen,21228443,212,77,70.7,3.6,15505,4630,2,fit,,,vorlaeufig
3,2026-09-14T15:19:58+02:00,1225,Zingerle,TW,Leipzig,500000,,,,,,,5,fit,,,vorlaeufig
3,2026-09-14T15:19:58+02:00,1246,Orban,ABW,Leipzig,27543924,593,306,197.7,11.1,17524,5710,2,fit,,,vorlaeufig
3,2026-09-14T15:19:58+02:00,1333,Klostermann,ABW,Leipzig,1545906,,,,,,,5,fit,,,vorlaeufig
3,2026-09-14T15:19:58+02:00,1689,Henrichs,ABW,Leipzig,4611830,149,115,49.7,24.9,5903,4510,4,fit,,,vorlaeufig
3,2026-09-14T15:19:58+02:00,1728,Nyland,TW,Leipzig,1556370,,,,,,,5,fit,,,vorlaeufig
3,2026-09-14T15:19:58+02:00,2275,Baumgartner,MF,Leipzig,9368654,,,,,,,5,Aufbautraining,,,vorlaeufig
3,2026-09-14T15:19:58+02:00,2522,Raum,ABW,Leipzig,33573343,434,179,144.7,5.3,17524,5710,1,fit,,,vorlaeufig
3,2026-09-14T15:19:58+02:00,2687,Nkunku,ST,Leipzig,26155084,414,227,138.0,8.7,10742,3662,2,fit,,,vorlaeufig
3,2026-09-14T15:19:58+02:00,2897,Reitz,MF,Leipzig,8517260,208,0,69.3,0.0,5072,0,5,verletzt,,,vorlaeufig
3,2026-09-14T15:19:58+02:00,6104,Guiu,ST,Leipzig,7567303,-13,0,-4.3,0.0,1327,0,4,fit,,,vorlaeufig
3,2026-09-14T15:19:58+02:00,6176,Seiwald,MF,Leipzig,17080050,164,0,54.7,0.0,11814,0,2,fit,,,vorlaeufig
3,2026-09-14T15:19:58+02:00,6300,Ouédraogo,MF,Leipzig,10228388,68,68,22.7,6.6,2047,2047,5,angeschlagen,,,vorlaeufig
3,2026-09-14T15:19:58+02:00,7224,Castello Jr.,ABW,Leipzig,19781325,277,78,92.3,3.9,10365,4519,2,fit,,,vorlaeufig
3,2026-09-14T15:19:58+02:00,7239,Finkgräfe,ABW,Leipzig,2745804,27,27,9.0,9.8,948,948,5,fit,,,vorlaeufig
3,2026-09-14T15:19:58+02:00,8061,Bakayoko,ST,Leipzig,6537742,48,0,16.0,0.0,5355,0,5,fit,,,vorlaeufig
3,2026-09-14T15:19:58+02:00,8227,Vandevoordt,TW,Leipzig,15326439,424,206,141.3,13.4,17524,5710,1,fit,,,vorlaeufig
3,2026-09-14T15:19:58+02:00,9507,Nusa,MF,Leipzig,27250379,631,340,210.3,12.5,15785,4762,1,fit,,,vorlaeufig
3,2026-09-14T15:19:58+02:00,9776,Maksimovic,MF,Leipzig,5782516,84,0,28.0,0.0,791,0,4,fit,,,vorlaeufig
3,2026-09-14T15:19:58+02:00,10113,Gomis,ST,Leipzig,9865625,361,175,120.3,17.7,10471,4517,3,fit,,,vorlaeufig
3,2026-09-14T15:19:58+02:00,11008,Banzuzi,MF,Leipzig,10057949,293,164,97.7,16.3,16752,5710,3,fit,,,vorlaeufig
3,2026-09-14T15:19:58+02:00,11886,Rômulo,ST,Leipzig,9198568,143,143,47.7,15.5,1192,1192,4,fit,,,vorlaeufig
3,2026-09-14T15:19:58+02:00,14249,El Aynaoui,MF,Leipzig,10226454,209,164,69.7,16.0,10350,5710,2,fit,,,vorlaeufig
3,2026-09-14T15:19:58+02:00,14896,Koné,ABW,Leipzig,1124028,,,,,,,5,fit,,,vorlaeufig
3,2026-09-14T15:19:58+02:00,15376,Estève,ABW,Leipzig,11034682,210,53,70.0,4.8,7158,1190,4,fit,,,vorlaeufig
3,2026-09-14T15:19:58+02:00,51,Khedira,MF,Union Berlin,5847586,97,32,32.3,5.5,18135,6325,1,fit,,,vorlaeufig
3,2026-09-14T15:19:58+02:00,1223,Friedrich,ABW,Union Berlin,956639,,,,,,,5,angeschlagen,,,vorlaeufig
3,2026-09-14T15:19:58+02:00,1553,Haberer,MF,Union Berlin,3956239,38,-6,12.7,-1.5,4109,1114,4,fit,,,vorlaeufig
3,2026-09-14T15:19:58+02:00,1955,Burke,ST,Union Berlin,1441876,,,,,,,4,angeschlagen,,,vorlaeufig
3,2026-09-14T15:19:58+02:00,2065,Uduokhai,ABW,Union Berlin,6855654,148,78,49.3,11.4,11974,6325,2,fit,,,vorlaeufig
3,2026-09-14T15:19:58+02:00,2279,Rönnow,TW,Union Berlin,9747404,217,127,72.3,13.0,11974,6325,1,fit,,,vorlaeufig
3,2026-09-14T15:19:58+02:00,2302,Jeong,MF,Union Berlin,4293555,137,69,45.7,16.1,9458,5582,3,fit,,,vorlaeufig
3,2026-09-14T15:19:58+02:00,2400,Trimmel,ABW,Union Berlin,1786741,-6,0,-2.0,0.0,1194,0,5,fit,,,vorlaeufig
3,2026-09-14T15:19:58+02:00,2491,Skarke,MF,Union Berlin,7031131,286,137,95.3,19.5,5558,1662,3,fit,,,vorlaeufig
3,2026-09-14T15:19:58+02:00,2717,Skov,MF,Union Berlin,1971347,-5,-5,-1.7,-2.5,742,742,5,fit,,,vorlaeufig
3,2026-09-14T15:19:58+02:00,3102,Rothe,ABW,Union Berlin,8625398,259,156,86.3,18.1,18135,6325,1,fit,,,vorlaeufig
3,2026-09-14T15:19:58+02:00,3187,Schäfer,MF,Union Berlin,3572000,80,51,26.7,14.3,8489,3523,3,fit,,,vorlaeufig
3,2026-09-14T15:19:58+02:00,3364,Klaus,TW,Union Berlin,2175217,,,,,,,5,fit,,,vorlaeufig
3,2026-09-14T15:19:58+02:00,3419,Raab,TW,Union Berlin,4013775,9,0,3.0,0.0,6161,0,5,fit,,,vorlaeufig
3,2026-09-14T15:19:58+02:00,3453,Köhn,ABW,Union Berlin,3025446,19,0,6.3,0.0,811,0,5,fit,,,vorlaeufig
3,2026-09-14T15:19:58+02:00,4352,Nsoki,ABW,Union Berlin,964486,,,,,,,5,Aufbautraining,,,vorlaeufig
3,2026-09-14T15:19:58+02:00,4446,Kemlein,MF,Union Berlin,6322683,73,6,24.3,0.9,11650,2835,2,fit,,,vorlaeufig
3,2026-09-14T15:19:58+02:00,4598,Juranović,ABW,Union Berlin,9828551,301,73,100.3,7.4,16940,6325,1,fit,,,vorlaeufig
3,2026-09-14T15:19:58+02:00,7684,Aebischer,MF,Union Berlin,3999451,42,23,14.0,5.8,13141,5211,2,fit,,,vorlaeufig
3,2026-09-14T15:19:58+02:00,7723,Querfeld,ABW,Union Berlin,12883505,341,84,113.7,6.5,12486,6325,3,fit,,,vorlaeufig
3,2026-09-14T15:19:58+02:00,8381,Burcu,MF,Union Berlin,4604388,64,9,21.3,2.0,9683,2835,3,fit,,,vorlaeufig
3,2026-09-14T15:19:58+02:00,9683,Ilic,ST,Union Berlin,3024182,,,,,,,5,angeschlagen,,,vorlaeufig
3,2026-09-14T15:19:58+02:00,10106,Ljubičić,ST,Union Berlin,4485373,19,5,6.3,1.1,14522,3523,3,fit,,,vorlaeufig
3,2026-09-14T15:19:58+02:00,12763,Latte Lath,ST,Union Berlin,7670366,88,8,29.3,1.0,12576,4662,3,fit,,,vorlaeufig
3,2026-09-14T15:19:58+02:00,13629,Güther,MF,Union Berlin,1110727,,,,,,,5,fit,,,vorlaeufig
3,2026-09-14T15:19:58+02:00,14917,Van den Bosch,ABW,Union Berlin,7923399,101,0,33.7,0.0,11810,0,3,fit,,,vorlaeufig
3,2026-09-14T15:19:58+02:00,17306,Imeri,MF,Union Berlin,2569186,,,,,,,5,angeschlagen,,,vorlaeufig
3,2026-09-14T15:19:58+02:00,173,Tah,ABW,Bayern,29812868,267,0,89.0,0.0,6434,0,2,fit,,,vorlaeufig
3,2026-09-14T15:19:58+02:00,237,Neuer,TW,Bayern,14016503,242,0,80.7,0.0,11508,0,2,fit,,,vorlaeufig
3,2026-09-14T15:19:58+02:00,383,Ulreich,TW,Bayern,500000,,,,,,,5,fit,,,vorlaeufig
3,2026-09-14T15:19:58+02:00,1685,Kimmich,MF,Bayern,59936842,649,92,216.3,1.5,13248,1740,1,fit,,,vorlaeufig
3,2026-09-14T15:19:58+02:00,1961,Gnabry,MF,Bayern,12996937,,,,,,,4,fit,,,vorlaeufig
3,2026-09-14T15:19:58+02:00,1991,Upamecano,ABW,Bayern,33598682,595,106,198.3,3.2,17409,5901,3,fit,,,vorlaeufig
3,2026-09-14T15:19:58+02:00,2038,Laimer,ABW,Bayern,29274202,236,0,78.7,0.0,11508,0,2,fit,,,vorlaeufig
3,2026-09-14T15:19:58+02:00,2300,Stanišić,ABW,Bayern,16726810,153,110,51.0,6.6,7199,5901,4,fit,,,vorlaeufig
3,2026-09-14T15:19:58+02:00,2366,Davies,ABW,Bayern,15765446,443,89,147.7,5.6,11962,1753,3,fit,,,vorlaeufig
3,2026-09-14T15:19:58+02:00,2804,Musiala,MF,Bayern,25280315,113,75,37.7,3.0,3962,1727,3,fit,,,vorlaeufig
3,2026-09-14T15:19:58+02:00,3072,Urbig,TW,Bayern,4577462,83,83,27.7,18.1,5901,5901,4,fit,,,vorlaeufig
3,2026-09-14T15:19:58+02:00,3089,Ito,ABW,Bayern,3510752,,,,,,,5,fit,,,vorlaeufig
3,2026-09-14T15:19:58+02:00,3120,Bischof,MF,Bayern,16896452,196,108,65.3,6.4,6027,4161,4,fit,,,vorlaeufig
3,2026-09-14T15:19:58+02:00,3543,Brown,ABW,Bayern,24653683,205,69,68.3,2.8,10673,4147,3,fit,,,vorlaeufig
3,2026-09-14T15:19:58+02:00,6668,Minjae,ABW,Bayern,13139172,241,131,80.3,10.0,10974,5901,3,fit,,,vorlaeufig
3,2026-09-14T15:19:58+02:00,7226,Kane,ST,Bayern,66293200,468,274,156.0,4.1,13880,5901,2,fit,,,vorlaeufig
3,2026-09-14T15:19:58+02:00,8329,Olise,MF,Bayern,65078782,634,260,211.3,4.0,13898,5901,2,fit,,,vorlaeufig
3,2026-09-14T15:19:58+02:00,10789,Karl,MF,Bayern,20835971,280,186,93.3,8.9,8373,4173,3,fit,,,vorlaeufig
3,2026-09-14T15:19:58+02:00,11675,Díaz,ST,Bayern,52983276,418,74,139.3,1.4,13243,1735,2,fit,,,vorlaeufig
3,2026-09-14T15:19:58+02:00,12314,Ndiaye,MF,Bayern,918425,,,,,,,5,fit,,,vorlaeufig
3,2026-09-14T15:19:58+02:00,14251,Saibari,ST,Bayern,27871346,359,140,119.7,5.0,9756,4166,3,fit,,,vorlaeufig
3,2026-09-14T15:19:58+02:00,15502,Binder,MF,Bayern,1060431,,,,,,,5,Aufbautraining,,,vorlaeufig
3,2026-09-14T15:19:58+02:00,357,Grahl,TW,Frankfurt,500000,,,,,,,5,fit,,,vorlaeufig
3,2026-09-14T15:19:58+02:00,461,Chandler,ABW,Frankfurt,500000,8,17,2.7,34.0,1847,390,5,fit,,,vorlaeufig
3,2026-09-14T15:19:58+02:00,513,Götze,MF,Frankfurt,5470764,155,99,51.7,18.1,6305,2105,3,fit,,,vorlaeufig
3,2026-09-14T15:19:58+02:00,2144,Koch,ABW,Frankfurt,24721213,424,159,141.3,6.4,17621,5798,1,fit,,,vorlaeufig
3,2026-09-14T15:19:58+02:00,2255,Burkardt,ST,Frankfurt,24051675,406,246,135.3,10.2,14685,4598,1,fit,,,vorlaeufig
3,2026-09-14T15:19:58+02:00,2863,Knauff,MF,Frankfurt,3198765,,,,,,,5,Aufbautraining,,,vorlaeufig
3,2026-09-14T15:19:58+02:00,2864,Collins,ABW,Frankfurt,4916831,,,,,,,4,fit,,,vorlaeufig
3,2026-09-14T15:19:58+02:00,2887,Dōan,MF,Frankfurt,16307914,176,106,58.7,6.5,11057,5798,2,fit,,,vorlaeufig
3,2026-09-14T15:19:58+02:00,6081,Uzun,MF,Frankfurt,25436528,403,279,134.3,11.0,14825,5406,1,fit,,,vorlaeufig
3,2026-09-14T15:19:58+02:00,7275,Santos,TW,Frankfurt,3426517,,,,,,,5,fit,,,vorlaeufig
3,2026-09-14T15:19:58+02:00,7277,Chaïbi,MF,Frankfurt,8780673,107,0,35.7,0.0,7623,0,3,angeschlagen,,,vorlaeufig
3,2026-09-14T15:19:58+02:00,7325,Baum,ABW,Frankfurt,13551916,337,106,112.3,7.8,15773,5407,2,fit,,,vorlaeufig
3,2026-09-14T15:19:58+02:00,7417,Aséko,MF,Frankfurt,3913770,63,63,21.0,16.1,3692,3692,3,fit,,,vorlaeufig
3,2026-09-14T15:19:58+02:00,8351,Højlund,MF,Frankfurt,3778356,1,0,0.3,0.0,945,0,4,angeschlagen,,,vorlaeufig
3,2026-09-14T15:19:58+02:00,10004,Ebnoutalib,ST,Frankfurt,16258586,453,11,151.0,0.7,12410,1199,4,fit,,,vorlaeufig
3,2026-09-14T15:19:58+02:00,11186,Maluze,ABW,Frankfurt,4964345,396,202,132.0,40.7,11959,5798,2,fit,,,vorlaeufig
3,2026-09-14T15:19:58+02:00,12284,Kosugi,ABW,Frankfurt,8401521,224,106,74.7,12.6,17621,5798,1,fit,,,vorlaeufig
3,2026-09-14T15:19:58+02:00,12285,Arrhov,MF,Frankfurt,763983,-6,0,-2.0,0.0,944,0,5,fit,,,vorlaeufig
3,2026-09-14T15:19:58+02:00,12294,Amaimouni,MF,Frankfurt,7366073,94,12,31.3,1.6,7067,392,4,fit,,,vorlaeufig
3,2026-09-14T15:19:58+02:00,14920,Pimpong,ST,Frankfurt,1437693,-12,0,-4.0,0.0,2139,0,5,fit,,,vorlaeufig
3,2026-09-14T15:19:58+02:00,15589,Otávio,ABW,Frankfurt,4607806,-1,0,-0.3,0.0,611,0,5,fit,,,vorlaeufig
3,2026-09-14T15:19:58+02:00,16369,Onyedika,MF,Frankfurt,10779242,134,12,44.7,1.1,17621,5798,1,fit,,,vorlaeufig
3,2026-09-14T15:19:58+02:00,17285,Brassier,ABW,Frankfurt,12960898,207,128,69.0,9.9,11460,5798,1,fit,,,vorlaeufig
3,2026-09-14T15:19:58+02:00,43,Weiser,ABW,Bremen,4579987,13,13,4.3,2.8,746,746,5,fit,,,vorlaeufig
3,2026-09-14T15:19:58+02:00,157,Stark,ABW,Bremen,4158499,,,,,,,5,fit,,,vorlaeufig
3,2026-09-14T15:19:58+02:00,1996,Friedl,ABW,Bremen,10363498,267,109,89.0,10.5,17467,5793,1,fit,,,vorlaeufig
3,2026-09-14T15:19:58+02:00,2294,Pieper,ABW,Bremen,12262586,315,118,105.0,9.6,17467,5793,1,fit,,,vorlaeufig
3,2026-09-14T15:19:58+02:00,2842,Agu,ABW,Bremen,1130484,,,,,,,5,angeschlagen,,,vorlaeufig
3,2026-09-14T15:19:58+02:00,2939,Dinkçi,MF,Bremen,7199981,154,43,51.3,6.0,9814,5067,1,fit,,,vorlaeufig
3,2026-09-14T15:19:58+02:00,3139,Itten,ST,Bremen,3346329,46,11,15.3,3.3,4131,830,5,fit,,,vorlaeufig
3,2026-09-14T15:19:58+02:00,3166,Topp,ST,Bremen,789434,,,,,,,5,verletzt,,,vorlaeufig
3,2026-09-14T15:19:58+02:00,3228,Njinmah,ST,Bremen,3842586,2,0,0.7,0.0,3750,0,5,verletzt,,,vorlaeufig
3,2026-09-14T15:19:58+02:00,3281,Reis,MF,Bremen,9901588,184,58,61.3,5.9,15433,4308,1,fit,,,vorlaeufig
3,2026-09-14T15:19:58+02:00,3450,Kolke,TW,Bremen,500000,,,,,,,5,fit,,,vorlaeufig
3,2026-09-14T15:19:58+02:00,3481,Stage,MF,Bremen,9623171,,,,,,,5,verletzt,,,vorlaeufig
3,2026-09-14T15:19:58+02:00,6174,Arthur,ABW,Bremen,7875207,111,62,37.0,7.9,9147,4954,1,fit,,,vorlaeufig
3,2026-09-14T15:19:58+02:00,7167,Lynen,MF,Bremen,4748761,0,0,0.0,0.0,2812,0,5,angeschlagen,,,vorlaeufig
3,2026-09-14T15:19:58+02:00,7721,Grüll,MF,Bremen,9497747,473,56,157.7,5.9,16917,5793,1,fit,,,vorlaeufig
3,2026-09-14T15:19:58+02:00,8166,Chuki,MF,Bremen,9231318,281,111,93.7,12.0,16659,5793,1,fit,,,vorlaeufig
3,2026-09-14T15:19:58+02:00,9513,Hein,TW,Bremen,12178420,369,219,123.0,18.0,17467,5793,1,fit,,,vorlaeufig
3,2026-09-14T15:19:58+02:00,9600,Schlager,TW,Bremen,827938,,,,,,,5,fit,,,vorlaeufig
3,2026-09-14T15:19:58+02:00,10131,Stalmach,MF,Bremen,4850869,188,16,62.7,3.3,5260,1485,5,fit,,,vorlaeufig
3,2026-09-14T15:19:58+02:00,10134,Schmetgens,ABW,Bremen,4163906,48,6,16.0,1.4,8318,838,5,fit,,,vorlaeufig
3,2026-09-14T15:19:58+02:00,11262,Musah,ST,Bremen,3097738,1,0,0.3,0.0,2762,0,5,fit,,,vorlaeufig
3,2026-09-14T15:19:58+02:00,13449,Ndiaye,ABW,Bremen,2950469,,,,,,,5,angeschlagen,,,vorlaeufig
3,2026-09-14T15:19:58+02:00,14923,Quetant,ST,Bremen,619492,,,,,,,5,fit,,,vorlaeufig
3,2026-09-14T15:19:58+02:00,14926,Soylu,MF,Bremen,799453,,,,,,,5,fit,,,vorlaeufig
3,2026-09-14T15:19:58+02:00,15256,Wójcik,ABW,Bremen,1447817,,,,,,,5,fit,,,vorlaeufig
3,2026-09-14T15:19:58+02:00,15313,Erevbenagie,ST,Bremen,3128269,49,12,16.3,3.8,2494,726,5,fit,,,vorlaeufig
3,2026-09-14T15:19:58+02:00,54,Can,ABW,Dortmund,1045744,,,,,,,5,verletzt,,,vorlaeufig
3,2026-09-14T15:19:58+02:00,75,Drewes,TW,Dortmund,500000,,,,,,,5,fit,,,vorlaeufig
3,2026-09-14T15:19:58+02:00,1704,Anton,ABW,Dortmund,33957597,580,134,193.3,3.9,17527,5771,1,fit,,,vorlaeufig
3,2026-09-14T15:19:58+02:00,1856,Sabitzer,MF,Dortmund,8119940,151,98,50.3,12.1,4706,1741,4,fit,,,vorlaeufig
3,2026-09-14T15:19:58+02:00,1873,Kobel,TW,Dortmund,19676301,419,98,139.7,5.0,17527,5771,1,fit,,,vorlaeufig
3,2026-09-14T15:19:58+02:00,1920,Guirassy,ST,Dortmund,31456720,589,177,196.3,5.6,17018,5771,1,fit,,,vorlaeufig
3,2026-09-14T15:19:58+02:00,2148,Meyer,TW,Dortmund,709985,,,,,,,5,fit,,,vorlaeufig
3,2026-09-14T15:19:58+02:00,2383,Schlotterbeck,ABW,Dortmund,25194822,127,127,42.3,5.0,4766,4766,1,fit,,,vorlaeufig
3,2026-09-14T15:19:58+02:00,2395,Ryerson,ABW,Dortmund,23604779,271,73,90.3,3.1,15273,4757,1,fit,,,vorlaeufig
3,2026-09-14T15:19:58+02:00,2714,Beier,ST,Dortmund,22496875,322,101,107.3,4.5,12137,1014,3,fit,,,vorlaeufig
3,2026-09-14T15:19:58+02:00,2736,Bensebaini,ABW,Dortmund,13778146,49,49,16.3,3.6,1005,1005,5,fit,,,vorlaeufig
3,2026-09-14T15:19:58+02:00,3069,Nmecha,MF,Dortmund,25458724,444,270,148.0,10.6,9236,1744,2,fit,,,vorlaeufig
3,2026-09-14T15:19:58+02:00,7737,Veerman,MF,Dortmund,15975283,212,101,70.7,6.3,8310,4026,4,fit,,,vorlaeufig
3,2026-09-14T15:19:58+02:00,9440,Mane,ABW,Dortmund,4001877,64,0,21.3,0.0,3152,0,5,verletzt,,,vorlaeufig
3,2026-09-14T15:19:58+02:00,9698,Fábio Silva,ST,Dortmund,10387243,277,153,92.3,14.7,6035,4027,3,fit,,,vorlaeufig
3,2026-09-14T15:19:58+02:00,10115,Svensson,ABW,Dortmund,20077362,429,143,143.0,7.1,17527,5771,1,fit,,,vorlaeufig
3,2026-09-14T15:19:58+02:00,11099,Bellingham,MF,Dortmund,19541083,379,133,126.3,6.8,17527,5771,2,fit,,,vorlaeufig
3,2026-09-14T15:19:58+02:00,11100,Inácio,MF,Dortmund,4796482,-60,0,-20.0,0.0,155,0,5,fit,,,vorlaeufig
3,2026-09-14T15:19:58+02:00,13472,Reggiani,ABW,Dortmund,4653384,57,0,19.0,0.0,1999,0,5,fit,,,vorlaeufig
3,2026-09-14T15:19:58+02:00,14662,Lerma,MF,Dortmund,1797181,,,,,,,5,verletzt,,,vorlaeufig
3,2026-09-14T15:19:58+02:00,14899,Prates,ABW,Dortmund,5053799,34,0,11.3,0.0,632,0,5,fit,,,vorlaeufig
3,2026-09-14T15:19:58+02:00,15211,Gadou,ABW,Dortmund,23468310,310,114,103.3,4.9,15527,5771,1,fit,,,vorlaeufig
3,2026-09-14T15:19:58+02:00,16378,Karetsas,MF,Dortmund,23890542,249,0,83.0,0.0,8514,0,3,angeschlagen,,,vorlaeufig
3,2026-09-14T15:19:58+02:00,16948,Konstantelias,MF,Dortmund,9093903,181,0,60.3,0.0,3348,0,5,verletzt,,,vorlaeufig
3,2026-09-14T15:19:58+02:00,17309,Nwaneri,MF,Dortmund,19175387,216,151,72.0,7.9,8065,4029,3,fit,,,vorlaeufig
3,2026-09-14T15:19:58+02:00,493,Gregoritsch,ST,Augsburg,13721933,531,255,177.0,18.6,14534,5188,1,fit,,,vorlaeufig
3,2026-09-14T15:19:58+02:00,1809,Wolf,MF,Augsburg,9895436,431,31,143.7,3.1,14544,4724,3,fit,,,vorlaeufig
3,2026-09-14T15:19:58+02:00,1811,Gouweleeuw,ABW,Augsburg,5398008,52,0,17.3,0.0,777,0,5,fit,,,vorlaeufig
3,2026-09-14T15:19:58+02:00,2195,Dahmen,TW,Augsburg,16921679,475,86,158.3,5.1,17155,5844,1,fit,,,vorlaeufig
3,2026-09-14T15:19:58+02:00,2764,Keitel,MF,Augsburg,1091577,21,-2,7.0,-1.8,1298,656,5,fit,,,vorlaeufig
3,2026-09-14T15:19:58+02:00,3176,Ibrahimović,MF,Augsburg,8477511,234,53,78.0,6.3,7295,3552,2,fit,,,vorlaeufig
3,2026-09-14T15:19:58+02:00,3183,Kade,ST,Augsburg,12021770,273,0,91.0,0.0,5649,0,5,verletzt,,,vorlaeufig
3,2026-09-14T15:19:58+02:00,4654,Kömür,MF,Augsburg,3825750,120,20,40.0,5.2,4099,1119,4,fit,,,vorlaeufig
3,2026-09-14T15:19:58+02:00,6168,Fellhauer,MF,Augsburg,10224320,250,43,83.3,4.2,13047,4724,2,fit,,,vorlaeufig
3,2026-09-14T15:19:58+02:00,7283,Brackelmann,ABW,Augsburg,8900319,361,136,120.3,15.3,16377,5844,2,fit,,,vorlaeufig
3,2026-09-14T15:19:58+02:00,7336,Suso,MF,Augsburg,502120,,,,,,,5,verletzt,,,vorlaeufig
3,2026-09-14T15:19:58+02:00,7676,Rieder,MF,Augsburg,17213206,544,128,181.3,7.4,16513,5844,1,fit,,,vorlaeufig
3,2026-09-14T15:19:58+02:00,7696,Labrović,TW,Augsburg,500000,,,,,,,5,fit,,,vorlaeufig
3,2026-09-14T15:19:58+02:00,8355,Banks,ABW,Augsburg,11294636,361,86,120.3,7.6,17155,5844,1,fit,,,vorlaeufig
3,2026-09-14T15:19:58+02:00,9642,Matsima,ABW,Augsburg,15518562,421,107,140.3,6.9,17155,5844,1,fit,,,vorlaeufig
3,2026-09-14T15:19:58+02:00,9684,Claude-Maurice,MF,Augsburg,8679528,174,7,58.0,0.8,4217,2292,3,fit,,,vorlaeufig
3,2026-09-14T15:19:58+02:00,9754,Bah,ABW,Augsburg,4625211,,,,,,,4,fit,,,vorlaeufig
3,2026-09-14T15:19:58+02:00,9965,Sakar,MF,Augsburg,1877319,,,,,,,5,angeschlagen,,,vorlaeufig
3,2026-09-14T15:19:58+02:00,10049,Behrens,ABW,Augsburg,12882633,396,154,132.0,12.0,17155,5844,1,fit,,,vorlaeufig
3,2026-09-14T15:19:58+02:00,11556,Massengo,MF,Augsburg,12592343,333,41,111.0,3.3,16498,5187,1,fit,,,vorlaeufig
3,2026-09-14T15:19:58+02:00,12341,Ribeiro,ST,Augsburg,5187742,127,-4,42.3,-0.8,2620,656,5,fit,,,vorlaeufig
3,2026-09-14T15:19:58+02:00,13479,Ogundu,ST,Augsburg,2030880,,,,,,,5,fit,,,vorlaeufig
3,2026-09-14T15:19:58+02:00,13671,Wisbereit,TW,Augsburg,500000,,,,,,,5,fit,,,vorlaeufig
3,2026-09-14T15:19:58+02:00,13806,Seol,ABW,Augsburg,2463802,104,-1,34.7,-0.4,2609,1119,4,fit,,,vorlaeufig
3,2026-09-14T15:19:58+02:00,577,Batz,TW,M'gladbach,500000,,,,,,,5,fit,,,vorlaeufig
3,2026-09-14T15:19:58+02:00,619,Stöger,MF,M'gladbach,6139680,8,10,2.7,1.6,8946,5039,3,fit,,,vorlaeufig
3,2026-09-14T15:19:58+02:00,849,Kleindienst,ST,M'gladbach,14998963,8,-65,2.7,-4.3,13737,3170,5,gesperrt (Gelb-Rot),,,vorlaeufig
3,2026-09-14T15:19:58+02:00,1883,Nicolas,TW,M'gladbach,17607847,339,19,113.0,1.1,17331,5640,1,fit,,,vorlaeufig
3,2026-09-14T15:19:58+02:00,2074,Hack,MF,M'gladbach,6231154,-8,2,-2.7,0.3,9535,4058,3,fit,,,vorlaeufig
3,2026-09-14T15:19:58+02:00,2126,Kühn,MF,M'gladbach,4172591,21,0,7.0,0.0,1576,0,5,verletzt,,,vorlaeufig
3,2026-09-14T15:19:58+02:00,2261,Neuhaus,MF,M'gladbach,4256862,,,,,,,5,fit,,,vorlaeufig
3,2026-09-14T15:19:58+02:00,2560,Sander,MF,M'gladbach,8430198,117,2,39.0,0.2,17331,5640,1,fit,,,vorlaeufig
3,2026-09-14T15:19:58+02:00,2850,Olschowsky,TW,M'gladbach,500000,,,,,,,5,fit,,,vorlaeufig
3,2026-09-14T15:19:58+02:00,2862,Castrop,MF,M'gladbach,973703,,,,,,,5,verletzt,,,vorlaeufig
3,2026-09-14T15:19:58+02:00,2941,Scally,ABW,M'gladbach,6896102,109,-4,36.3,-0.6,11609,5640,3,fit,,,vorlaeufig
3,2026-09-14T15:19:58+02:00,3063,Chiarodia,ABW,M'gladbach,2445231,,,,,,,4,fit,,,vorlaeufig
3,2026-09-14T15:19:58+02:00,3129,Itakura,ABW,M'gladbach,8743752,88,19,29.3,2.2,17331,5640,2,fit,,,vorlaeufig
3,2026-09-14T15:19:58+02:00,3516,Leopold,MF,M'gladbach,3827146,,,,,,,5,verletzt,,,vorlaeufig
3,2026-09-14T15:19:58+02:00,4292,Herold,ABW,M'gladbach,3269150,26,12,8.7,3.7,8462,5640,3,fit,,,vorlaeufig
3,2026-09-14T15:19:58+02:00,4333,Ullrich,ABW,M'gladbach,4706568,80,0,26.7,0.0,8864,0,3,fit,,,vorlaeufig
3,2026-09-14T15:19:58+02:00,6199,Machino,ST,M'gladbach,2058590,0,0,0.0,0.0,2900,2900,3,fit,,,vorlaeufig
3,2026-09-14T15:19:58+02:00,6319,Honorat,MF,M'gladbach,11115935,240,23,80.0,2.1,10267,4060,3,fit,,,vorlaeufig
3,2026-09-14T15:19:58+02:00,7774,Konoplia,ABW,M'gladbach,2120516,,,,,,,5,Aufbautraining,,,vorlaeufig
3,2026-09-14T15:19:58+02:00,9540,Lidberg,ST,M'gladbach,3517704,-30,-17,-10.0,-4.8,4656,1579,3,fit,,,vorlaeufig
3,2026-09-14T15:19:58+02:00,11010,Diks,ABW,M'gladbach,11834570,97,15,32.3,1.3,17331,5640,1,fit,,,vorlaeufig
3,2026-09-14T15:19:58+02:00,11748,Mohya,MF,M'gladbach,6414270,29,-30,9.7,-4.7,9753,1582,3,fit,,,vorlaeufig
3,2026-09-14T15:19:58+02:00,13442,Bolin,MF,M'gladbach,12211235,313,-5,104.3,-0.4,14451,2760,2,fit,,,vorlaeufig
3,2026-09-14T15:19:58+02:00,15181,Leszczynski,ABW,M'gladbach,3618620,1,0,0.3,0.0,1116,0,3,fit,,,vorlaeufig
3,2026-09-14T15:19:58+02:00,15202,Uno,MF,M'gladbach,2526576,,,,,,,5,fit,,,vorlaeufig
3,2026-09-14T15:19:58+02:00,15613,Hashioka,ABW,M'gladbach,4544448,17,0,5.7,0.0,4604,0,4,angeschlagen,,,vorlaeufig
3,2026-09-14T15:19:58+02:00,16564,Nguefack,MF,M'gladbach,2975515,40,-19,13.3,-6.4,8384,601,4,fit,,,vorlaeufig
3,2026-09-14T15:19:58+02:00,1863,Heuer Fernandes,TW,Hamburg,11641458,151,8,50.3,0.7,17140,5710,1,fit,,,vorlaeufig
3,2026-09-14T15:19:58+02:00,1865,Poulsen,ST,Hamburg,930956,-12,-3,-4.0,-3.2,3566,2822,4,fit,,,vorlaeufig
3,2026-09-14T15:19:58+02:00,1889,Jatta,MF,Hamburg,4655966,15,-14,5.0,-3.0,5358,297,5,fit,,,vorlaeufig
3,2026-09-14T15:19:58+02:00,1978,Torunarigha,ABW,Hamburg,7271220,45,47,15.0,6.5,13525,5710,2,fit,,,vorlaeufig
3,2026-09-14T15:19:58+02:00,2725,Bornauw,ABW,Hamburg,7161396,75,0,25.0,0.0,11430,0,2,angeschlagen,,,vorlaeufig
3,2026-09-14T15:19:58+02:00,3277,Muheim,ABW,Hamburg,3629355,,,,,,,4,fit,,,vorlaeufig
3,2026-09-14T15:19:58+02:00,6201,Remberg,MF,Hamburg,8090475,92,50,30.7,6.2,17140,5710,1,fit,,,vorlaeufig
3,2026-09-14T15:19:58+02:00,7350,Stange,ST,Hamburg,3238612,-37,-15,-12.3,-4.6,4295,942,4,fit,,,vorlaeufig
3,2026-09-14T15:19:58+02:00,7394,Amoako,MF,Hamburg,635986,,,,,,,5,angeschlagen,,,vorlaeufig
3,2026-09-14T15:19:58+02:00,8367,Sambi Lokonga,MF,Hamburg,7624626,46,2,15.3,0.3,10573,4767,1,fit,,,vorlaeufig
3,2026-09-14T15:19:58+02:00,9605,Grønbæk,MF,Hamburg,9114646,54,33,18.0,3.6,17140,5710,1,fit,,,vorlaeufig
3,2026-09-14T15:19:58+02:00,10120,Røssing-Lelesiit,ST,Hamburg,1670859,,,,,,,5,angeschlagen,,,vorlaeufig
3,2026-09-14T15:19:58+02:00,11512,Capaldo,ABW,Hamburg,8010527,54,3,18.0,0.4,17140,5710,2,fit,,,vorlaeufig
3,2026-09-14T15:19:58+02:00,11752,Omari,ABW,Hamburg,1293146,-13,-13,-4.3,-10.1,1262,1262,4,fit,,,vorlaeufig
3,2026-09-14T15:19:58+02:00,11949,Nandja,ABW,Hamburg,1875199,-32,-31,-10.7,-16.5,7361,4447,4,fit,,,vorlaeufig
3,2026-09-14T15:19:58+02:00,11967,Vieira,MF,Hamburg,17205464,-5,-8,-1.7,-0.5,4179,1265,2,fit,,,vorlaeufig
3,2026-09-14T15:19:58+02:00,12368,Tangvik,TW,Hamburg,500000,,,,,,,5,fit,,,vorlaeufig
3,2026-09-14T15:19:58+02:00,13433,Lemke,ABW,Hamburg,4353519,-13,0,-4.3,0.0,6001,0,4,fit,,,vorlaeufig
3,2026-09-14T15:19:58+02:00,14256,El Ouahdi,ABW,Hamburg,8186313,-9,15,-3.0,1.8,11036,5412,1,fit,,,vorlaeufig
3,2026-09-14T15:19:58+02:00,14425,Møller Wolfe,ABW,Hamburg,7231879,-11,-31,-3.7,-4.3,10796,5710,2,fit,,,vorlaeufig
3,2026-09-14T15:19:58+02:00,15283,Adeline,MF,Hamburg,4006361,-9,0,-3.0,0.0,6947,0,4,fit,,,vorlaeufig
3,2026-09-14T15:19:58+02:00,15472,Daka,ST,Hamburg,7402590,39,34,13.0,4.6,11532,4444,3,fit,,,vorlaeufig
3,2026-09-14T15:19:58+02:00,15478,Nadir,MF,Hamburg,1183098,-7,0,-2.3,0.0,3526,0,4,fit,,,vorlaeufig
3,2026-09-14T15:19:58+02:00,17203,Moffi,ST,Hamburg,3679113,-13,4,-4.3,1.1,8477,2950,3,fit,,,vorlaeufig
3,2026-09-14T15:19:58+02:00,417,Zieler,TW,Köln,500000,,,,,,,5,fit,,,vorlaeufig
3,2026-09-14T15:19:58+02:00,737,Waldschmidt,MF,Köln,2122937,,,,,,,5,fit,,,vorlaeufig
3,2026-09-14T15:19:58+02:00,1580,Schwäbe,TW,Köln,15810240,388,103,129.3,6.5,17300,5793,1,fit,,,vorlaeufig
3,2026-09-14T15:19:58+02:00,2069,Hübers,ABW,Köln,2252038,,,,,,,5,Aufbautraining,,,vorlaeufig
3,2026-09-14T15:19:58+02:00,2201,Maina,ST,Köln,7691359,277,146,92.3,19.0,10312,3966,2,fit,,,vorlaeufig
3,2026-09-14T15:19:58+02:00,2247,Sosa,ABW,Köln,4761011,,,,,,,5,fit,,,vorlaeufig
3,2026-09-14T15:19:58+02:00,2358,Krauß,MF,Köln,7373563,186,68,62.0,9.2,16374,5493,2,fit,,,vorlaeufig
3,2026-09-14T15:19:58+02:00,2536,Köbbing,TW,Köln,500000,,,,,,,5,fit,,,vorlaeufig
3,2026-09-14T15:19:58+02:00,2552,Bülter,ST,Köln,4418603,109,76,36.3,17.2,7341,5793,4,fit,,,vorlaeufig
3,2026-09-14T15:19:58+02:00,2718,Skhiri,MF,Köln,7867990,205,153,68.3,19.4,10577,5793,1,fit,,,vorlaeufig
3,2026-09-14T15:19:58+02:00,2765,Thielmann,MF,Köln,5145721,99,0,33.0,0.0,8564,0,4,fit,,,vorlaeufig
3,2026-09-14T15:19:58+02:00,2855,Ache,ST,Köln,12370310,147,26,49.0,2.1,10364,1854,3,fit,,,vorlaeufig
3,2026-09-14T15:19:58+02:00,7219,Jóhannesson,MF,Köln,10755610,199,12,66.3,1.1,13334,1827,4,fit,,,vorlaeufig
3,2026-09-14T15:19:58+02:00,8001,Lochoshvili,ABW,Köln,10189351,198,46,66.0,4.5,17300,5793,2,fit,,,vorlaeufig
3,2026-09-14T15:19:58+02:00,8274,El Mala,MF,Köln,24375972,159,16,53.0,0.7,5254,1278,2,fit,,,vorlaeufig
3,2026-09-14T15:19:58+02:00,10024,Schmied,ABW,Köln,2476587,20,0,6.7,0.0,185,0,4,fit,,,vorlaeufig
3,2026-09-14T15:19:58+02:00,11570,Sebulonsen,ABW,Köln,1334660,18,18,6.0,13.5,1803,1803,3,fit,,,vorlaeufig
3,2026-09-14T15:19:58+02:00,11875,van den Berg,ABW,Köln,1160688,,,,,,,4,fit,,,vorlaeufig
3,2026-09-14T15:19:58+02:00,11958,Castro-Montes,MF,Köln,7268013,163,49,54.3,6.7,15312,3990,3,fit,,,vorlaeufig
3,2026-09-14T15:19:58+02:00,12321,Simpson-Pusey,ABW,Köln,9697976,224,83,74.7,8.6,17300,5793,1,fit,,,vorlaeufig
3,2026-09-14T15:19:58+02:00,14140,Mensah,ABW,Köln,10404575,179,53,59.7,5.1,17300,5793,1,fit,,,vorlaeufig
3,2026-09-14T15:19:58+02:00,14300,Okon-Engstler,MF,Köln,3949406,69,-5,23.0,-1.3,7047,300,4,fit,,,vorlaeufig
3,2026-09-14T15:19:58+02:00,15373,Heskey,MF,Köln,2893845,-8,0,-2.7,0.0,1185,0,5,fit,,,vorlaeufig
3,2026-09-14T15:19:58+02:00,16945,Dallinga,ST,Köln,9408249,221,-19,73.7,-2.0,5749,3939,3,fit,,,vorlaeufig
3,2026-09-14T15:19:58+02:00,17282,Moore,MF,Köln,11846030,96,60,32.0,5.1,7482,4515,2,fit,,,vorlaeufig
3,2026-09-14T15:19:58+02:00,168,Michel,ST,Paderborn,1686827,,,,,,,5,Aufbautraining,,,vorlaeufig
3,2026-09-14T15:19:58+02:00,1964,Götze,ABW,Paderborn,3735803,,,,,,,3,fit,,,vorlaeufig
3,2026-09-14T15:19:58+02:00,2015,Obermair,MF,Paderborn,9032891,200,60,66.7,6.6,17225,5771,1,fit,,,vorlaeufig
3,2026-09-14T15:19:58+02:00,2301,Batista Meier,MF,Paderborn,3620972,-18,-7,-6.0,-1.9,2817,1584,4,fit,,,vorlaeufig
3,2026-09-14T15:19:58+02:00,2471,Schubert,TW,Paderborn,883130,,,,,,,5,fit,,,vorlaeufig
3,2026-09-14T15:19:58+02:00,2498,Baack,MF,Paderborn,1281678,12,0,4.0,0.0,1187,0,5,fit,,,vorlaeufig
3,2026-09-14T15:19:58+02:00,2749,Tigges,ST,Paderborn,3463209,57,-14,19.0,-4.0,6206,1588,4,fit,,,vorlaeufig
3,2026-09-14T15:19:58+02:00,2977,Noll,TW,Paderborn,13012582,371,147,123.7,11.3,17225,5771,1,fit,,,vorlaeufig
3,2026-09-14T15:19:58+02:00,3027,Pieringer,ST,Paderborn,4328247,74,9,24.7,2.1,16303,5771,1,fit,,,vorlaeufig
3,2026-09-14T15:19:58+02:00,3081,Vidović,MF,Paderborn,5851555,101,27,33.7,4.6,15641,4187,1,fit,,,vorlaeufig
3,2026-09-14T15:19:58+02:00,3336,Marino,ST,Paderborn,4206287,61,30,20.3,7.1,9003,4183,3,fit,,,vorlaeufig
3,2026-09-14T15:19:58+02:00,3491,Klaas,MF,Paderborn,1029757,,,,,,,5,fit,,,vorlaeufig
3,2026-09-14T15:19:58+02:00,3492,Hoffmeier,ABW,Paderborn,2789470,,,,,,,5,fit,,,vorlaeufig
3,2026-09-14T15:19:58+02:00,3559,Ulrich,MF,Paderborn,5814757,168,45,56.0,7.7,13793,4760,2,fit,,,vorlaeufig
3,2026-09-14T15:19:58+02:00,6197,Curda,ABW,Paderborn,9443994,253,51,84.3,5.4,15627,4173,1,angeschlagen,,,vorlaeufig
3,2026-09-14T15:19:58+02:00,6217,Philippe,ST,Paderborn,5069951,12,-14,4.0,-2.8,3819,713,3,fit,,,vorlaeufig
3,2026-09-14T15:19:58+02:00,6292,Hansen,ABW,Paderborn,6866770,152,36,50.7,5.2,14988,5057,3,fit,,,vorlaeufig
3,2026-09-14T15:19:58+02:00,6751,Pruhs,TW,Paderborn,1212379,,,,,,,5,fit,,,vorlaeufig
3,2026-09-14T15:19:58+02:00,7320,Scheller,ABW,Paderborn,9023756,204,-5,68.0,-0.6,17225,5771,2,fit,,,vorlaeufig
3,2026-09-14T15:19:58+02:00,7616,ter Horst,ABW,Paderborn,8840807,239,58,79.7,6.6,16485,5771,2,fit,,,vorlaeufig
3,2026-09-14T15:19:58+02:00,8872,Sticker,ABW,Paderborn,2497159,15,0,5.0,0.0,1936,0,5,fit,,,vorlaeufig
3,2026-09-14T15:19:58+02:00,8984,Awortwie-Grant,ABW,Paderborn,500000,,,,,,,5,verletzt,,,vorlaeufig
3,2026-09-14T15:19:58+02:00,9283,Zeitler,ST,Paderborn,1837462,,,,,,,5,fit,,,vorlaeufig
3,2026-09-14T15:19:58+02:00,10048,Duric,MF,Paderborn,1088341,-16,-16,-5.3,-14.7,1010,1010,5,fit,,,vorlaeufig
3,2026-09-14T15:19:58+02:00,11170,Müller,MF,Paderborn,1918241,,,,,,,5,fit,,,vorlaeufig
3,2026-09-14T15:19:58+02:00,12262,Millgramm,ST,Paderborn,1983340,,,,,,,5,fit,,,vorlaeufig
3,2026-09-14T15:19:58+02:00,14911,Lippmann,ABW,Paderborn,2063373,-18,-20,-6.0,-9.7,1779,1597,5,fit,,,vorlaeufig
3,2026-09-14T15:19:58+02:00,14914,Gayret,MF,Paderborn,500000,,,,,,,5,verletzt,,,vorlaeufig
3,2026-09-14T15:19:58+02:00,859,Gyamerah,ABW,Elversberg,7447100,172,28,57.3,3.8,15887,5901,1,fit,,,vorlaeufig
3,2026-09-14T15:19:58+02:00,1745,Condé,MF,Elversberg,2393958,-2,-16,-0.7,-6.7,1706,1223,5,fit,,,vorlaeufig
3,2026-09-14T15:19:58+02:00,2495,Boss,TW,Elversberg,784275,,,,,,,5,fit,,,vorlaeufig
3,2026-09-14T15:19:58+02:00,2928,Petkov,MF,Elversberg,12379853,357,33,119.0,2.7,17016,5277,1,fit,,,vorlaeufig
3,2026-09-14T15:19:58+02:00,3026,Günther,ABW,Elversberg,8556581,142,14,47.3,1.6,16390,5901,1,fit,,,vorlaeufig
3,2026-09-14T15:19:58+02:00,3232,Pfeiffer,ST,Elversberg,884816,,,,,,,5,fit,,,vorlaeufig
3,2026-09-14T15:19:58+02:00,3284,Rohr,ABW,Elversberg,10562047,307,105,102.3,9.9,16785,5901,1,fit,,,vorlaeufig
3,2026-09-14T15:19:58+02:00,3350,Keidel,ABW,Elversberg,9259688,281,31,93.7,3.3,16417,4678,1,fit,,,vorlaeufig
3,2026-09-14T15:19:58+02:00,6148,Pinckert,ABW,Elversberg,10933271,339,67,113.0,6.1,17640,5901,1,fit,,,vorlaeufig
3,2026-09-14T15:19:58+02:00,6149,Lehmann,TW,Elversberg,500000,,,,,,,5,fit,,,vorlaeufig
3,2026-09-14T15:19:58+02:00,6158,Schnellbacher,ST,Elversberg,3218736,12,-3,4.0,-0.9,1897,624,5,fit,,,vorlaeufig
3,2026-09-14T15:19:58+02:00,6160,Kristof,TW,Elversberg,11839608,283,95,94.3,8.0,17640,5901,1,fit,,,vorlaeufig
3,2026-09-14T15:19:58+02:00,6183,Futkeu,ST,Elversberg,7093944,113,-9,37.7,-1.3,2469,1217,5,fit,,,vorlaeufig
3,2026-09-14T15:19:58+02:00,7278,Poreba,MF,Elversberg,9559804,228,46,76.0,4.8,17640,5901,1,fit,,,vorlaeufig
3,2026-09-14T15:19:58+02:00,7441,Campbell,MF,Elversberg,9273253,164,-4,54.7,-0.4,10979,3005,2,fit,,,vorlaeufig
3,2026-09-14T15:19:58+02:00,7463,Onyeka,MF,Elversberg,10604352,190,-25,63.3,-2.4,9221,630,3,angeschlagen,,,vorlaeufig
3,2026-09-14T15:19:58+02:00,7514,Le Joncour,ABW,Elversberg,2411319,20,0,6.7,0.0,855,0,5,fit,,,vorlaeufig
3,2026-09-14T15:19:58+02:00,8252,Krattenmacher,MF,Elversberg,5378741,389,101,129.7,18.8,6685,2922,3,fit,,,vorlaeufig
3,2026-09-14T15:19:58+02:00,8296,Schmahl,MF,Elversberg,1714824,,,,,,,5,fit,,,vorlaeufig
3,2026-09-14T15:19:58+02:00,8301,Sirch,ABW,Elversberg,2151725,35,0,11.7,0.0,1752,0,5,fit,,,vorlaeufig
3,2026-09-14T15:19:58+02:00,9224,Zimmerschied,MF,Elversberg,1082595,,,,,,,5,angeschlagen,,,vorlaeufig
3,2026-09-14T15:19:58+02:00,9384,Darvich,MF,Elversberg,3738475,41,29,13.7,7.8,7165,5270,4,fit,,,vorlaeufig
3,2026-09-14T15:19:58+02:00,9995,Mokwa,ST,Elversberg,8594340,303,5,101.0,0.6,14665,4684,1,fit,,,vorlaeufig
3,2026-09-14T15:19:58+02:00,11253,Mickelson,ABW,Elversberg,2666679,58,0,19.3,0.0,1249,0,5,fit,,,vorlaeufig
3,2026-09-14T15:19:58+02:00,12317,Adam,ST,Elversberg,2013631,,,,,,,5,fit,,,vorlaeufig
3,2026-09-14T15:19:58+02:00,32,Karius,TW,Schalke,17086847,412,147,137.3,8.6,17715,6325,1,fit,,,vorlaeufig
3,2026-09-14T15:19:58+02:00,670,Karaman,ST,Schalke,9361324,105,90,35.0,9.6,5494,4898,1,fit,,,vorlaeufig
3,2026-09-14T15:19:58+02:00,755,Müller,TW,Schalke,603323,,,,,,,5,fit,,,vorlaeufig
3,2026-09-14T15:19:58+02:00,1012,Džeko,ST,Schalke,5280897,-14,16,-4.7,3.0,2479,1427,5,fit,,,vorlaeufig
3,2026-09-14T15:19:58+02:00,1691,Porath,MF,Schalke,893090,,,,,,,5,fit,,,vorlaeufig
3,2026-09-14T15:19:58+02:00,2449,Hwang,ST,Schalke,4390189,82,82,27.3,18.7,1422,1422,4,fit,,,vorlaeufig
3,2026-09-14T15:19:58+02:00,2762,Becker,ABW,Schalke,8689674,276,158,92.0,18.2,17715,6325,1,fit,,,vorlaeufig
3,2026-09-14T15:19:58+02:00,2876,Schallenberg,MF,Schalke,2980475,-54,0,-18.0,0.0,3776,0,4,fit,,,vorlaeufig
3,2026-09-14T15:19:58+02:00,2967,El-Faouzi,MF,Schalke,12956803,257,106,85.7,8.2,17715,6325,1,fit,,,vorlaeufig
3,2026-09-14T15:19:58+02:00,3029,Ljubičić,MF,Schalke,7480121,119,49,39.7,6.6,11465,1254,5,angeschlagen,,,vorlaeufig
3,2026-09-14T15:19:58+02:00,3307,Bachmann,MF,Schalke,2062282,17,17,5.7,8.2,601,601,5,fit,,,vorlaeufig
3,2026-09-14T15:19:58+02:00,4406,Dina Ebimbe,MF,Schalke,4904731,114,104,38.0,21.2,10996,5070,2,fit,,,vorlaeufig
3,2026-09-14T15:19:58+02:00,4606,Kuruçay,ABW,Schalke,10076325,234,103,78.0,10.2,14615,6325,1,fit,,,vorlaeufig
3,2026-09-14T15:19:58+02:00,6172,Adamu,ST,Schalke,4987288,145,121,48.3,24.3,8629,4902,3,fit,,,vorlaeufig
3,2026-09-14T15:19:58+02:00,7156,Wöber,ABW,Schalke,1999207,134,173,44.7,86.5,4534,1435,5,fit,,,vorlaeufig
3,2026-09-14T15:19:58+02:00,7242,Gosens,ABW,Schalke,8467619,259,186,86.3,22.0,10808,4890,1,fit,,,vorlaeufig
3,2026-09-14T15:19:58+02:00,8222,Sylla,ST,Schalke,8424266,45,0,15.0,0.0,11390,0,3,fehlt,,,vorlaeufig
3,2026-09-14T15:19:58+02:00,8235,Gantenbein,ABW,Schalke,500000,,,,,,,5,fit,,,vorlaeufig
3,2026-09-14T15:19:58+02:00,8277,Becker,ABW,Schalke,3810831,20,0,6.7,0.0,5471,0,5,fit,,,vorlaeufig
3,2026-09-14T15:19:58+02:00,10916,Ayhan,ABW,Schalke,3491521,-13,0,-4.3,0.0,2203,0,4,fit,,,vorlaeufig
3,2026-09-14T15:19:58+02:00,11255,Katic,ABW,Schalke,11073626,372,198,124.0,17.9,16662,6325,1,fit,,,vorlaeufig
3,2026-09-14T15:19:58+02:00,12158,Vozar,MF,Schalke,1173610,5,0,1.7,0.0,1178,0,5,fit,,,vorlaeufig
3,2026-09-14T15:19:58+02:00,12297,Tanaka,MF,Schalke,7924518,191,97,63.7,12.2,12066,6325,2,fit,,,vorlaeufig
3,2026-09-14T15:19:58+02:00,13431,Siebeking,TW,Schalke,500000,,,,,,,5,fit,,,vorlaeufig
3,2026-09-14T15:19:58+02:00,13448,Aouchiche,MF,Schalke,11004133,321,194,107.0,17.6,16049,5724,1,fit,,,vorlaeufig
